TAIR_ID,DEseq2_means,DEseq2_SDs,gene_name,leaf,flower,fruit,root,avg_tpm,Gene Coordinates,5' UTR Length (bp),TAIR Link ,Promoter 2kb upstream from ATG ,Promoter B4 5' UTR,Notes
AT5G02500,15.91413225,0.648127555,MED37E,961,1308,639,2095,1250.75,Chr5: 553745 - 556623,289,https://www.arabidopsis.org/servlets/TairObject?id=135708&type=locus,caggtcttctctgtagctctgttacttctatcacagttatcgggtatttgagaaaaaagagttagctaaaatgaatttctccatataatcatggtttactacaggtttacttgattcgcgttagctttatctgcatccaaagttttttccatgatgttatgtcatatgtgataccgttactatgtttataactttatacagtctggttcactggagtttctgtgattatgttgagtacatactcattcatcctttggtaactctcaagtttaggttgtttgaattgcctctgttgtgatacttattgtctattgcatcaatcttctaatgcaccaccctagactatttgaacaaagagctgtttcattcttaaacctctgtgtctccttgctaaatggtcatgctttaatgtcttcacctgtctttctcttctatagatatgtagtcttgctagatagttagttctacagctctcttttgtagtcttgttagagagttagttgagatattacctcttaaaagtatccttgaacgctttccggttatgaccaatttgttgtagctccttgtaagtagaacttactgggaccagcgagacagtttatgtgaatgttcatgcttaagtgtcgaacgtatctatctctactatagctctgtagtcttgttagacagttagttttatatctccatttttttgtagtcttgctagttgagatattacctcttctcttcaaagtatccttgaacgctcaccggttatgaaatctctacactatagctctgtagtcttgctagatagttagttctttagctctctttttgtagcctagttctttagctctccttttgtagccttgctacagagtaagatgggatattacctccttgaacgctctccggttatgaccaatttgttgtagctccttgtaagtagaacttaggatagagtgagtcaactttaagaaagaacctagtatgtggcataaccagattgcaggctctgtctcggctacagtaacgtaactctatagctctttgttttgttcagaaagaaccagtgattggatgattcgtccttagaaactggacctaacaacagtcattggctttgaaatcaagccacaacaatgcctatatgaaccgtccatttcatttatccgtttcaaaccagcccattacatttcgtcccattgataaccaaaagcggttcaatcagattatgttttaattttaccaaattctttatgaagtttaaattatactcacattaaaaggattattggataatgtaaaaattctgaacaattactgattttggaaaattaacaaatattctttgaaatagaagaaaaagcctttttccttttgacaacaacatataaaatcatactcccattaaaaagattttaatgtaaaattctgaatataagatattttttacaacaacaaccaaaaatatttatttttttccttttttacagcaacaagaaggaaaaacttttttttttgtcaagaaaaggggagattatgtaaacagataaaacagggaaaataactaaccgaactctcttaattaacatcttcaaataaggaaaattatgatccgcatatttaggaagatcaatgcattaaaacaacttgcacgtggaaagagagactatacgctccacacaagttgcactaatggtacctctcacaaaccaatcaaaatactgaataatgccaacgtgtacaaattagggttttacctcacaaccatcgaacattctcgaaacattttaaacagcctggcgccatagatctaaactctcatcgaccaatttttgaccgtccgatggaaactctagcctcaacccaaaactctatataaagaaatcttttccttcgttattgcttaccaaatacaaaccctagccgccttattcgtcttcttcgttctctagttttttcctcagtctctgttcttagatcccttgtagtttccaaatcttccgataaaa,CAGAGCCTAAATTCGAATGAgaatgaggtttcatctttgttagtttctacaaaaaaaaaacttataaatgtgttggaatcaatatgtctttagcattctataggtcgtgatgtttcgccagtagatgagtaatcaatgtattttgacaatgtggttttggatggattaagagttaaaagacttcatttttcgtagtgtttcaatcattcaagttttagtatgcaagttttctgtttagagcatattgcatacatgggcgaatatggtatacctggatttcccagttcttcaggtcttctctgtagctctgttacttctatcacagttatcgggtatttgagaaaaaagagttagctaaaatgaatttctccatataatcatggtttactacaggtttacttgattcgcgttagctttatctgcatccaaagttttttccatgatgttatgtcatatgtgataccgttactatgtttataactttatacagtctggttcactggagtttctgtgattatgttgagtacatactcattcatcctttggtaactctcaagtttaggttgtttgaattgcctctgttgtgatacttattgtctattgcatcaatcttctaatgcaccaccctagactatttgaacaaagagctgtttcattcttaaacctctgtgtctccttgctaaatggtcatgctttaatgtcttcacctgtctttctcttctatagatatgtagtcttgctagatagttagttctacagctctcttttgtagtcttgttagagagttagttgagatattacctcttaaaagtatccttgaacgctttccggttatgaccaatttgttgtagctccttgtaagtagaacttactgggaccagcgagacagtttatgtgaatgttcatgcttaagtgtcgaacgtatctatctctactatagctctgtagtcttgttagacagttagttttatatctccatttttttgtagtcttgctagttgagatattacctcttctcttcaaagtatccttgaacgctcaccggttatgaaatctctacactatagctctgtagtcttgctagatagttagttctttagctctctttttgtagcctagttctttagctctccttttgtagccttgctacagagtaagatgggatattacctccttgaacgctctccggttatgaccaatttgttgtagctccttgtaagtagaacttaggatagagtgagtcaactttaagaaagaacctagtatgtggcataaccagattgcaggctctgtctcggctacagtaacgtaactctatagctctttgttttgttcagaaagaaccagtgattggatgattcgtccttagaaactggacctaacaacagtcattggctttgaaatcaagccacaacaatgcctatatgaaccgtccatttcatttatccgtttcaaaccagcccattacatttcgtcccattgataaccaaaagcggttcaatcagattatgttttaattttaccaaattctttatgaagtttaaattatactcacattaaaaggattattggataatgtaaaaattctgaacaattactgattttggaaaattaacaaatattctttgaaatagaagaaaaagcctttttccttttgacaacaacatataaaatcatactcccattaaaaagattttaatgtaaaattctgaatataagatattttttacaacaacaaccaaaaatatttatttttttccttttttacagcaacaagaaggaaaaacttttttttttgtcaagaaaaggggagattatgtaaacagataaaacagggaaaataactaaccgaactctcttaattaacatcttcaaataaggaaaattatgatccgcatatttaggaagatcaatgcattaaaacaacttgcacgtggaaagagagactatacgctccacacaagttgcactaatggtacctctcacaaaccaatcaaaat, 
AT1G04410,14.2023625,0.509645499,MDH1,809,645,778,1651,970.75,Chr1: 1188995 - 1191458,191,https://www.arabidopsis.org/servlets/TairObject?id=28372&type=locus,TGCATTTTTTGTAGCTTCTTGGTCTGTAGCCAAGTATTTCCCAGACAACGAGCCGCCTCCAAGAGGGGAATAAGCAAGCAAGCCAACATTGCAATTTTTTGGGTGGCATACTTCTACCAGATCAActgtggttttaacccaaaacaaaagagtttagaacatgctcctccgacacacttgctctcaaggtattctagaaagatttacCTTCATACCGACATCTAACTAGCAAGCTGTAACCATTCTGGATGCTCACAATCTTTGGTAGTCCTTCGAGTTTTGCTGTGTTAACAAACTCCGTCACTCCGTATGAAGTTTCATTCGAGACACCGATATAGCGAACctgttgcagaattcgaggaacacttcaaaactctgtgtttgaggttatataactcaatataacatctgatttttaaggagtagcactacCTTTCCTTCAACTATGAGATCCTGAAAGGCTCTTAGTTGCTCAGCGAATGGCACACTAGGTCTCCATTTCGACGTTTCATAGTAAAAATCACCGAAGAGTGGTACGTATCGATCTGGCctggactgaaaaaaagatcagtgtcatgattttctgacatttgatgatgaaaaacgaaatattttgcgcatgaaatagaaagacacttgctcaaacaatgtagaatatgagttaagacataaagcaaaaataaggcgatgttacCAGTGTATTTGAAGCAAGTCAATGTAATCAGTTCCAAGGCGCTTAAGACTTTTCTCAACACTTTCTTTGATATTAGCAGCATCTACACGCAGAATCTCACCACTGTCCCTTATGTAAGCTGACCTTTCTGAGTACCCACATACTTTAGTTGCCAAAACTATctgtatacagaaacaatgaacatcaatatcaatttttataacttcgattaggttttgctgatatcatatacattcgtgaccaatatgcatccaaagtatgataaatggttgatacCTTGTCACGTTGCTGAGACTTCAACCAGCTACTGATATAAAGATCCGTTTTACCTTGCGTCTCCTTCTTCATCGGTATGGGATActggaaataaacaatgatacttgaaaatttaccacagactaagcagattccagaaagctaaacacaacagtgctaaattcaccagaattatatataaagtataaaacattcacataaacacttgcaatcaaattcaccaggcaagaagagaaagatgaacaatgaagataaaaactcacAGCTTCAGCAGTGTCAATGCAATTGATGCCCTCTTCAATTGCATAACTCAGCATCTCATGAGATTCTTTCTCAGTATTTTGCTCCCCAAATGTCATctgaaattccaaatttcatcaaaacttcaaaattgaacaatggactacaattgcaggagataaagagagattgttcttacAGTGCCCATAGTAACTTCGCTGATGTTGAGATCGGAATCTCCTAATTTCCTATACTCCATAGCATTCTTCGTCGACGCTTTCGCCGAAACTCTCAATATTCTCCTCCGAGCATTCGGCGATAGAGTAACACGGCGGCGCGTGAATGCCAAACGAAAGACTCCTCGAATGTTACTGCTGCTGACCACCGGAGTGACCGTTGAGTAGGTGACGTAAGATGACGCCATaccggaggttgtcgtggacgtggttcttctcgccttatcgccaccattatctactgttttgattcacgtatttgaatactctgggctaaacgatttgggcctaatgtaagaggcccattagagtcaaaaatatatattgaataatatcttgttttcctaatatgataggtctaatctcagatttcgatttatttcttcgagataatatgattatattagatgacgtggcggtacatccttcgatatcttcgataaatacgcaagagtgagcttcacggtcagacaaaagctgactctacgctctctcaaaagtcgaatatcccaaattcgatccgttttccggcgataatctccgatctagatccg,tgaaatcagaacaaagataaaattgacctcaaaacacttttacgaatatggctttacaactagattcgagctaatactgtttcttaaattgttttacgacataagaagaagtaagcatagttggatcaagaagaaacCTTGGCTAGTGATCCCTTGTAACGTTCCATATATCCTGGGAAAAGATTCAGCCTTGCATTTTTTGTAGCTTCTTGGTCTGTAGCCAAGTATTTCCCAGACAACGAGCCGCCTCCAAGAGGGGAATAAGCAAGCAAGCCAACATTGCAATTTTTTGGGTGGCATACTTCTACCAGATCAActgtggttttaacccaaaacaaaagagtttagaacatgctcctccgacacacttgctctcaaggtattctagaaagatttacCTTCATACCGACATCTAACTAGCAAGCTGTAACCATTCTGGATGCTCACAATCTTTGGTAGTCCTTCGAGTTTTGCTGTGTTAACAAACTCCGTCACTCCGTATGAAGTTTCATTCGAGACACCGATATAGCGAACctgttgcagaattcgaggaacacttcaaaactctgtgtttgaggttatataactcaatataacatctgatttttaaggagtagcactacCTTTCCTTCAACTATGAGATCCTGAAAGGCTCTTAGTTGCTCAGCGAATGGCACACTAGGTCTCCATTTCGACGTTTCATAGTAAAAATCACCGAAGAGTGGTACGTATCGATCTGGCctggactgaaaaaaagatcagtgtcatgattttctgacatttgatgatgaaaaacgaaatattttgcgcatgaaatagaaagacacttgctcaaacaatgtagaatatgagttaagacataaagcaaaaataaggcgatgttacCAGTGTATTTGAAGCAAGTCAATGTAATCAGTTCCAAGGCGCTTAAGACTTTTCTCAACACTTTCTTTGATATTAGCAGCATCTACACGCAGAATCTCACCACTGTCCCTTATGTAAGCTGACCTTTCTGAGTACCCACATACTTTAGTTGCCAAAACTATctgtatacagaaacaatgaacatcaatatcaatttttataacttcgattaggttttgctgatatcatatacattcgtgaccaatatgcatccaaagtatgataaatggttgatacCTTGTCACGTTGCTGAGACTTCAACCAGCTACTGATATAAAGATCCGTTTTACCTTGCGTCTCCTTCTTCATCGGTATGGGATActggaaataaacaatgatacttgaaaatttaccacagactaagcagattccagaaagctaaacacaacagtgctaaattcaccagaattatatataaagtataaaacattcacataaacacttgcaatcaaattcaccaggcaagaagagaaagatgaacaatgaagataaaaactcacAGCTTCAGCAGTGTCAATGCAATTGATGCCCTCTTCAATTGCATAACTCAGCATCTCATGAGATTCTTTCTCAGTATTTTGCTCCCCAAATGTCATctgaaattccaaatttcatcaaaacttcaaaattgaacaatggactacaattgcaggagataaagagagattgttcttacAGTGCCCATAGTAACTTCGCTGATGTTGAGATCGGAATCTCCTAATTTCCTATACTCCATAGCATTCTTCGTCGACGCTTTCGCCGAAACTCTCAATATTCTCCTCCGAGCATTCGGCGATAGAGTAACACGGCGGCGCGTGAATGCCAAACGAAAGACTCCTCGAATGTTACTGCTGCTGACCACCGGAGTGACCGTTGAGTAGGTGACGTAAGATGACGCCATaccggaggttgtcgtggacgtggttcttctcgccttatcgccaccattatctactgttttgattcacgtatttgaatactctgggctaaacgatttgggcctaatgtaagaggcccattagagtcaaaaatatatattgaataatatcttgttttcctaatatgataggtctaat, 
AT4G14960,14.08145125,0.6172158,TUBA6,479,747,780,758,691,Chr4: 8548417 - 8550495,176,https://www.arabidopsis.org/servlets/TairObject?id=227916&type=locus,attcaaagatgtgtaatgggaggaacacagaaaatttcctcataacattagcaagaaaagagaatgaaatctcatttttttcgaggatgtcatgccaatgtccataagtactaacagaagcaaagaccataatatactacaaaattttccacaaatttatctggatcaaacaggcatggtgattaggatgcagcaaacgattcgtacCTGTAAAGTTGCCAGAAACAAATGCACGAGAAGCGTCTctgagcgaaagaatgacatggaaaaacacttcccatcagctacaaacatgaaagattaacaagaagaagatagaagaacatatgagaatctctccacataatttttaacaaaacaaacCTTCCAGCAAAATGGTTGTACCCTCCTCCACTACCGTAATGAAATTTTCCTTTCGTCACATCGAACACAGATctgaatactcagttcacaagttgttaacatatgcgtttactttcaaaaacctgacagcagaaggaaggaaaagaactcacCCAAGAATCCCTAAGAGTATAGGTAATGTTTCATCAGTACCATTATACAATGCCAATTCTTCAGCAGAAAATAACCTCTTTTGATActgaaacacaaacaaaccatcaaatcaaagacatgagacatcatcataacattggtttatctatttcaattctaattaaactcaagacccatacataacaaccacagagacaaacttcattggctatagaagaccctgtataattcaatcaaaaagtagcagaagctaaatagagattttgaattccagctaagctcgtgtctgtttggaattttcagaacagggaagttagttagaaagaagagcagttggtacTTGGTGTTGTGGAGACTTGAAGGAAGATCTGAAGTAGAGAGAGACGAGAACGACGATAAACGTGACGCCGACAAATGGAGATAAGAGAAACCTCCTCGCCGGAATCATcgattggatccgatttcacgtgtctgcgaaatttgctaattttttacaccactttttaggatgtgatgacttttttaactaaacaacaaaagttaaggtactaaactgtgatacttcaaatattcagagtgcgtttcataaattttttaagaccgaccttgaacacgataaattaataagataataatttttctgaaagtttgatgtgaatgtatggtctcatcaatatcataaattaataattgtataaatatattaactatatatatattatatgtaaaagaatttctttaaaatatattttaaaattttttttgcttaaattcatatttgttctttgtttgagtataattttcatattttattgtatcaaaatttttggtgttgttttctaaacattattattatgttttacttgtaactggttctaaatatatattttctacaatgaaagaaatcttataaaacaattttaaaagttaccaaattaggaaaatgtctgtataaattaataaatattaatttatcgataaattaatacctctctaaattaataaaatttcgcggtcccaacattattaatttatagaggttttattgtatatcgatttatcatttccctgaagattgattgcaagttcaaacatacaatggaaattacttatctgatacactttggttcagtcctaaataatggtctgatacggttcaattccagttaaaattccggttaagttccacgcaattcaagggattttgcttttcaaaaattccaaaattataaaatacacagctcacgagaataacaacaaatcgtggttttaacaacaacccaattacatcattacacgtgtaatatacctgccgttacatacagatgggataattttcgcttataaaatacagcatcaaacaccttcctcataacctagaaatcgaaaatatcagatctaaagaagagcgtcttcataaacgcccttcgtcttcttccctgcaaatctattttctagatctttctttcttccgcgaaacgaca,GCTAGATAACCCTTGTAACGAATCTGTAAGTCCATCTCctgtacaagaaaataatcatagcacacaaatgagaagtttccacagatttcagggacttgatgtataatattctccaaatagctacaaagtttggataattctgacttcttcacgcatgactaatattgtttatgaggattcaaagatgtgtaatgggaggaacacagaaaatttcctcataacattagcaagaaaagagaatgaaatctcatttttttcgaggatgtcatgccaatgtccataagtactaacagaagcaaagaccataatatactacaaaattttccacaaatttatctggatcaaacaggcatggtgattaggatgcagcaaacgattcgtacCTGTAAAGTTGCCAGAAACAAATGCACGAGAAGCGTCTctgagcgaaagaatgacatggaaaaacacttcccatcagctacaaacatgaaagattaacaagaagaagatagaagaacatatgagaatctctccacataatttttaacaaaacaaacCTTCCAGCAAAATGGTTGTACCCTCCTCCACTACCGTAATGAAATTTTCCTTTCGTCACATCGAACACAGATctgaatactcagttcacaagttgttaacatatgcgtttactttcaaaaacctgacagcagaaggaaggaaaagaactcacCCAAGAATCCCTAAGAGTATAGGTAATGTTTCATCAGTACCATTATACAATGCCAATTCTTCAGCAGAAAATAACCTCTTTTGATActgaaacacaaacaaaccatcaaatcaaagacatgagacatcatcataacattggtttatctatttcaattctaattaaactcaagacccatacataacaaccacagagacaaacttcattggctatagaagaccctgtataattcaatcaaaaagtagcagaagctaaatagagattttgaattccagctaagctcgtgtctgtttggaattttcagaacagggaagttagttagaaagaagagcagttggtacTTGGTGTTGTGGAGACTTGAAGGAAGATCTGAAGTAGAGAGAGACGAGAACGACGATAAACGTGACGCCGACAAATGGAGATAAGAGAAACCTCCTCGCCGGAATCATcgattggatccgatttcacgtgtctgcgaaatttgctaattttttacaccactttttaggatgtgatgacttttttaactaaacaacaaaagttaaggtactaaactgtgatacttcaaatattcagagtgcgtttcataaattttttaagaccgaccttgaacacgataaattaataagataataatttttctgaaagtttgatgtgaatgtatggtctcatcaatatcataaattaataattgtataaatatattaactatatatatattatatgtaaaagaatttctttaaaatatattttaaaattttttttgcttaaattcatatttgttctttgtttgagtataattttcatattttattgtatcaaaatttttggtgttgttttctaaacattattattatgttttacttgtaactggttctaaatatatattttctacaatgaaagaaatcttataaaacaattttaaaagttaccaaattaggaaaatgtctgtataaattaataaatattaatttatcgataaattaatacctctctaaattaataaaatttcgcggtcccaacattattaatttatagaggttttattgtatatcgatttatcatttccctgaagattgattgcaagttcaaacatacaatggaaattacttatctgatacactttggttcagtcctaaataatggtctgatacggttcaattccagttaaaattccggttaagttccacgcaattcaagggattttgcttttcaaaaattccaaaattataaaatacacagctcacgagaataacaacaaatcgtggttttaacaacaacccaattacatcattacacgtgtaatata, 
AT1G07890,13.63304618,0.494964516,APX1,276,707,729,730,610.5,Chr1: 2437725 - 2439665,12 (39),https://www.arabidopsis.org/servlets/TairObject?id=29349&type=locus,tagaaaaagctatctcattgtggatcaataggtccctaggaaccaatagtaagtaaaaagcaaagtggtaaacatacaaaagcgagattattctcaagtctcatttcaatgtcaaaactctctcttgtgtgctaagtaaacagaacctgtgtgaaagtaaaacacctctgaactcattttcactatctcacaaacctgcattatcgatccaattctcccatcttatatcttcttacatattaaggatcagagaaggtgatcaaacctgataattatgtagatgtagctgaagctaagatataaggctcaggaaccacaaaaacatatcactgaatatttcaaattagcttcagcattttatgagtcaaaatactaagaaacaatgcaaattctctcatgaaaaggctctcacattgcttttgcattctccgcaattatgatccaaaccttaaccaaaaacaactaccctataagagtataagaccatgtctgcagaaatcagtagtaacacaagaatttcatgagatattaaagaagaagaaaagtaggccacacaatagaattgaggaatcaagaaaacagatacatacacttgggaaggaccagcacagcagacgtctgttactactaactaactcagacttgtcattgaactataTTATATACGGCTCACTTGTTTTGCTGCAGTAACTGGCTTATCTTCTTTTCTGGCTTGCGTTAATAACATGAGTAGAGAGAAAACACGACTTCCGTCGAGTAGATTCCTATCAAACAACACCGGTTCTCGAATCTTTCGACAAGCCAAGCAAAAGTAGGTGGGCATgaaaatttgttccccatgaaacagaggacattcgttgttacctattctaataaccgattcaaaattccgaatcgcagacttaataaatgtggacaattaaccaaaccgtgcattgctaggtctaaaccgcattggtttatgacccaccaatcaaggagcgatgggtgagaaacctaataacactgctgctgtgactttatcatatccttagtccaattgggatcttcgtctgcgtgagacgcgttcacacctgcgacagatgaaatcacggaaataccactgcccaacgtgttcgcaataaaagtcctctgatgcctaatttcgtcaatttactgaagaaaattcaacatcaacgccctttttgataatttccccaaagttagtgggccctccacacgaagcatgtatcctccaattgcatattgccaattatttcctaataatattgaaggattattcttttcccatctatataccaccaaccctaagatccgaacgtccattttaaagccgtgcgtttaatcatgatcgtcaattatattggcaaatttgaccacacgatatccgtcatctaacggcatctacagatctaccagaacgttctcattcatgactctatatatttcgcatttcttctcctcaacgctctcataaaaagtagtactcgtgtcttactcgtgccagccactcgcatttctccagattttattatccttcctcgaaacaaggtatgacggaaactctctctctccctctctgatccgtcgttgctgcttccattttcatcttgactcgatcggatcattgttatgcttggcttgatctgtgcttaatgatgtgtttttcgtagtagatccacgattcgttgctgcgatcggcgttattatcgtcagctctctcgtttctgttctgtggttcgatattgctgagtttctaggctaatcttacgaatctgtgaaagtttttgagagatttggcttctgtagctcactcctgcttgatttaggttttttttttttccactcgtatgaagctgttttagaggctgttgttgtttatgattctcagcttgttatgtatagttggatttcgtgagttttggatttgatctgtgcgtttatttagtagtgaggctcatgtatatatatctgtgtatttgttccagagcttagctaag,agaagaactcggatcaagacaggttttaagattaaaaaaggaagcaagttttaaaagactgtttctcaagtagctgttgttgccgttaaaaaggcaaagcagtgagtaagaggagagaaaatggtggcaccttttgcttttggtgggccaaatgaagacaaacttttttatttgatccgttgaacttcgaaatttgaatgagaattattattacaaggttaaaacttgacttctgcatcattaaagaaaaattcaaaagaaacaaaagagaagtatactatagaaaaagctatctcattgtggatcaataggtccctaggaaccaatagtaagtaaaaagcaaagtggtaaacatacaaaagcgagattattctcaagtctcatttcaatgtcaaaactctctcttgtgtgctaagtaaacagaacctgtgtgaaagtaaaacacctctgaactcattttcactatctcacaaacctgcattatcgatccaattctcccatcttatatcttcttacatattaaggatcagagaaggtgatcaaacctgataattatgtagatgtagctgaagctaagatataaggctcaggaaccacaaaaacatatcactgaatatttcaaattagcttcagcattttatgagtcaaaatactaagaaacaatgcaaattctctcatgaaaaggctctcacattgcttttgcattctccgcaattatgatccaaaccttaaccaaaaacaactaccctataagagtataagaccatgtctgcagaaatcagtagtaacacaagaatttcatgagatattaaagaagaagaaaagtaggccacacaatagaattgaggaatcaagaaaacagatacatacacttgggaaggaccagcacagcagacgtctgttactactaactaactcagacttgtcattgaactataTTATATACGGCTCACTTGTTTTGCTGCAGTAACTGGCTTATCTTCTTTTCTGGCTTGCGTTAATAACATGAGTAGAGAGAAAACACGACTTCCGTCGAGTAGATTCCTATCAAACAACACCGGTTCTCGAATCTTTCGACAAGCCAAGCAAAAGTAGGTGGGCATgaaaatttgttccccatgaaacagaggacattcgttgttacctattctaataaccgattcaaaattccgaatcgcagacttaataaatgtggacaattaaccaaaccgtgcattgctaggtctaaaccgcattggtttatgacccaccaatcaaggagcgatgggtgagaaacctaataacactgctgctgtgactttatcatatccttagtccaattgggatcttcgtctgcgtgagacgcgttcacacctgcgacagatgaaatcacggaaataccactgcccaacgtgttcgcaataaaagtcctctgatgcctaatttcgtcaatttactgaagaaaattcaacatcaacgccctttttgataatttccccaaagttagtgggccctccacacgaagcatgtatcctccaattgcatattgccaattatttcctaataatattgaaggattattcttttcccatctatataccaccaaccctaagatccgaacgtccattttaaagccgtgcgtttaatcatgatcgtcaattatattggcaaatttgaccacacgatatccgtcatctaacggcatctacagatctaccagaacgttctcattcatgactctatatatttcgcatttcttctcctcaacgctctcataaaaagtagtactcgtgtcttactcgtgccagccactcgcatttctccagattttattatccttcctcgaaacaaggtatgacggaaactctctctctccctctctgatccgtcgttgctgcttccattttcatcttgactcgatcggatcattgttatgcttggcttgatctgtgcttaatgatgtgtttttcgtagtagatccacgattcgttgctgcgatcggcgttattatcgtcagctct,"Has 6 different splice variants, this ascension number is #3. Also an inton appears to split this 5' UTR. First number is length of 5' UTR immediately before ATG, larger number is full UTR"
AT5G09810,13.95569415,0.402029708,ACT7,364,698,638,608,577,Chr5: 3052062 - 3054691,6 (206) ,https://www.arabidopsis.org/servlets/TairObject?id=135194&type=locus,ttttgattatttaagttgccaaccaagctagaccactttccaacttttatagacaaagtgtaagaacttagcacatgctttccaacaaggaatatgaaactttatttcaaaaagattattgttaaagcttttaatcattctaaaaggtgattaatatttgaattattggaagtaacttgttttggacatataccaaattaatcaatagtatcaatggacatataacatgttgtgagactatatcaatgttatattccaagccagttaaaccaatttataatgataccatttatagataaacaatacactttacacacattattttcttagaattgggtctcatatagaacactcacaaaggtgacttataaaaaatgcttcaaagatcctagtcttttagtgtgcattcctcaaaatcgtagttgatatgtatcttgctcctattcgggttttggtctagaattttggtttcaggaattttcaattaactcattaaaacatttataacataaaaagatatatcacgaaaaccgatcaatcatttaatatatttttattttattttattttttgtcacaataaaatctagacaatagtgtttaaacatttatcaaaaaattcaccttacgattaatttgttttatattttgtgatgatgcaatttaatctatataaattataaaacatatcgataatctgtgtttttctttttctacatataaaattcataaaaatgagagttttgaagctcttaaaatggactagtcaacaattggccaatctttgttctaaattgctaataaacgaccatttccgtcaattctccttggttgcaacagtctacccgtcaaatgtttactaatttataagtgtgaagtttgaattatgaaagacgaaatcgtattaaaaattcacaagaataaacaactccatagattttcaaaaaaacagtcacgagaaaaaaaccacagtccgtttgtctgctcttctagtttttattatttttctattaatagttttttgttatttcgagaataaaatttgaacgatgtccgaaccacaaaagccgagccgataaatcctaagccgagcctaactttagccgtaaccatcagtcacggctcccgggctaattcatttgaaccgaatcataatcaacggtttagatcaaactcaaaacaatctaacggcaacatagacgcgtcggtgagctaaaaagagtgtgaaagccaggtcaccatagcattgtctctcccagattttttatttgggaaataatagaagaaatagaaaaaaataaaagagtgagaaaaatcgtagagctatatattcgcacatgtactcgtttcgctttccttagtgttagctgctgccgctgttgtttctcctccatttctctatctttctctctcgctgcttctcgaatcttctgtatcatcttcttcttcttcaaggtgagtctctagatccgttcgcttgattttgctgctcgttagtcgttattgttgattctctatgccgatttcgctagatctgtttagcatgcgttgtggttttatgagaaaatctttgttttgggggttgcttgttatgtgattcgatccgtgcttgttggatcgatctgagctaattcttaaggtttatgtgttagatctatggagtttgaggattcttctcgcttctgtcgatctctcgctgttatttttgtttttttcagtgaagtgaagttgtttagttcgaaatgacttcgtgtatgctcgattgatctggttttaatcttcgatctgttaggtgttgatgtttacaagtgaattctagtgttttctctttgagatctgtgaagtttgaacctagttttctcaataatcaacatatgaagcgatgtttgagtttcaataaacgctgctaatcttcgaaactaagttgtgatctgattcgtgtttacttcatgagcttatccaattcatttcggtttcattttactttttttttagtgaaaa,atttttaaccataggcaaagaaatgactcaaatgagcaaacgagaaactgcagacagcaacatatatcaaactaactctaataggcccaatatagcccaataagaagtgtgaccgatggagggaagaatcgaatttaaatgatacagagtttttttgtttggagaggaatagactgatatgatagtccgtgaaaatattttcatcttgttttcaatgtggagatattttaaagtttgaaaccaatccaagttctaaaacatcaaaagcttttattctctgtttaaaccacttggttggtcttggtcttcttgaaatatacaaaccagacccaaacgataatcagtgaagatgactgcatcattgggtctttaagtttcctattgggccaaatcagcccaactatattattgttattatttcagtccattaaagattttcggcccgttttatcgttgggaattcatctatatttccccaatttgatgatacacagaacaatttcatgtgtatacgataagaggcaaattcaaaatttgcaatcaatgtaaagtggaaatgagaagcatggtggctcaaatcaacttatctttccttggaatacaaactacaaatgatgacggatttggcttccctttgaatttaccttttacctctctctttttttttttttataggtaatgttgttattggacaaaaatgttaagaaaataaaggtgaatgataaattagaagagtacccataactattttgattatttaagttgccaaccaagctagaccactttccaacttttatagacaaagtgtaagaacttagcacatgctttccaacaaggaatatgaaactttatttcaaaaagattattgttaaagcttttaatcattctaaaaggtgattaatatttgaattattggaagtaacttgttttggacatataccaaattaatcaatagtatcaatggacatataacatgttgtgagactatatcaatgttatattccaagccagttaaaccaatttataatgataccatttatagataaacaatacactttacacacattattttcttagaattgggtctcatatagaacactcacaaaggtgacttataaaaaatgcttcaaagatcctagtcttttagtgtgcattcctcaaaatcgtagttgatatgtatcttgctcctattcgggttttggtctagaattttggtttcaggaattttcaattaactcattaaaacatttataacataaaaagatatatcacgaaaaccgatcaatcatttaatatatttttattttattttattttttgtcacaataaaatctagacaatagtgtttaaacatttatcaaaaaattcaccttacgattaatttgttttatattttgtgatgatgcaatttaatctatataaattataaaacatatcgataatctgtgtttttctttttctacatataaaattcataaaaatgagagttttgaagctcttaaaatggactagtcaacaattggccaatctttgttctaaattgctaataaacgaccatttccgtcaattctccttggttgcaacagtctacccgtcaaatgtttactaatttataagtgtgaagtttgaattatgaaagacgaaatcgtattaaaaattcacaagaataaacaactccatagattttcaaaaaaacagtcacgagaaaaaaaccacagtccgtttgtctgctcttctagtttttattatttttctattaatagttttttgttatttcgagaataaaatttgaacgatgtccgaaccacaaaagccgagccgataaatcctaagccgagcctaactttagccgtaaccatcagtcacggctcccgggctaattcatttgaaccgaatcataatcaacggtttagatcaaactcaaaacaatctaacggcaacatagacgcgtcggtgagctaaaaagagtgtgaaagccaggtcaccatagcattgtctct,5' UTR split by Intron. 
AT3G48140,12.83699195,0.591567409,AT3G48140,436,434,413,917,550,Chr3: 17778282 - 17779601,189,https://www.arabidopsis.org/servlets/TairObject?id=40166&type=locus,atatcacaattccattattcgaataaggactatcaaattttatctattttttatatttttatatgtaaattttgaagaattattttatatttatatatagagtaagccatagaagttttgtaggactaatcatgggccgtgaccaaaacaaaccttcttataggcctataaatatactggactttatctgaaactaaatttaaacccaaaataaaacgatttgatgtgaataattttaaagctcaataaagaaaagatttggaatcaaaagatcataagcacgcacatactaattgctatcctactatattattttaggaagtacattttaaatgtaaccttaatttttataattaattacataataatatcattagaaaaatttaatcaaaaacaaaatcctttaatgatgtcattaaggttaccaaaattatttaactacaatattcatttcttaattatagggcttattggatctaaagacgggtcatcaaagatttcctaaactgaagcaaaatataccgaatattcaaatatctatctgttaccaaattatatacaaataagttcgtaaaataatttaatattttatatacaaaatcaattaaatcttaatcacataaaaattagcacaaaaaataaagtattcaacaattaaaaatttatcaattctctgtgatatatgagtttttatactatattcgaataaagtgtaatatatattttcaatttgtattctttaactaatttaagctaactaatatatttgttaatcttatacctatcaaaatcaactatcgtttcttatctctatagtatttttgcaagacttttttggtggatttgggtaaaagtgcattcgggtcatatggtgcattcccatattaaataaatatggtgcactcctatgttattagctaaaatgtttagattagaaatcaaagtcatatcataaataaaattaatattaataaaataaatggctttttggcaagacggatttggaggaatgggtttttggatcaacattaagaaaaagtaaaatataattaatccaccgtttcaatacgggttaaatctttaatttattattttttaagactactaatattaaacatatcaaatcatcctaatttagaaaagattatataaaaccaaaaatgttatgtggtatgtataatgttactatatataaaattaaactataaaatatatattagagaatgatacaatttacaaaacttttatatataataaataattcttaaattttaaaaattactactttaaaaaaaattcacggaacgggtaaagaaattatagaataggttttatttttggaattgagttatatggtggatgtatttgaatcaatatttataaaattctaaaatattattaatatgatgttttaataaggattaaaacttcagttttttaacaattgtcgcatagattcgtggtatagcgttacttaataacaattataaactgaaaaatttaaatattttataaaaataaaatttacaagttttaatatatattaactttaaaatataaatcgtcccgcggtataccgcggattaaaatctagtttgctataaaaaaagtaacgtaaaaattgttgccaattagatattaccaataaagaaatttaaaatatatgggttgaaaaaagagaagaagataagaatcgtatcttattacaacttgccaatttgctatcgtttcgtaacagctaaacagttcaaataaaacggtgtctcgaaacactaaatagacagatgtcaatacctcattggatttaagcataacgcctcgctgccaattagaattcagcattccaatttcattttattttctcacaaaattctccaaaaaacctaaaagtcaaataaatataaagtgaggtcttttctacgtctcttcaacattctcagagaagccgtcttcttcctccttcaatctctctcgttcgtatcatctgctctgcgatttca,cgagatagacggtgatgattgggcctctttatagcccaatattaaaaactgtcccattctaataaagccttttcgtgaaagatgatgttggattcgattcaatgggcatttatatgttctcggcccgttcttatcatatcttattcctcctgtaaaactattttcaaaatttactattcggattaaagtatatcacaattccattattcgaataaggactatcaaattttatctattttttatatttttatatgtaaattttgaagaattattttatatttatatatagagtaagccatagaagttttgtaggactaatcatgggccgtgaccaaaacaaaccttcttataggcctataaatatactggactttatctgaaactaaatttaaacccaaaataaaacgatttgatgtgaataattttaaagctcaataaagaaaagatttggaatcaaaagatcataagcacgcacatactaattgctatcctactatattattttaggaagtacattttaaatgtaaccttaatttttataattaattacataataatatcattagaaaaatttaatcaaaaacaaaatcctttaatgatgtcattaaggttaccaaaattatttaactacaatattcatttcttaattatagggcttattggatctaaagacgggtcatcaaagatttcctaaactgaagcaaaatataccgaatattcaaatatctatctgttaccaaattatatacaaataagttcgtaaaataatttaatattttatatacaaaatcaattaaatcttaatcacataaaaattagcacaaaaaataaagtattcaacaattaaaaatttatcaattctctgtgatatatgagtttttatactatattcgaataaagtgtaatatatattttcaatttgtattctttaactaatttaagctaactaatatatttgttaatcttatacctatcaaaatcaactatcgtttcttatctctatagtatttttgcaagacttttttggtggatttgggtaaaagtgcattcgggtcatatggtgcattcccatattaaataaatatggtgcactcctatgttattagctaaaatgtttagattagaaatcaaagtcatatcataaataaaattaatattaataaaataaatggctttttggcaagacggatttggaggaatgggtttttggatcaacattaagaaaaagtaaaatataattaatccaccgtttcaatacgggttaaatctttaatttattattttttaagactactaatattaaacatatcaaatcatcctaatttagaaaagattatataaaaccaaaaatgttatgtggtatgtataatgttactatatataaaattaaactataaaatatatattagagaatgatacaatttacaaaacttttatatataataaataattcttaaattttaaaaattactactttaaaaaaaattcacggaacgggtaaagaaattatagaataggttttatttttggaattgagttatatggtggatgtatttgaatcaatatttataaaattctaaaatattattaatatgatgttttaataaggattaaaacttcagttttttaacaattgtcgcatagattcgtggtatagcgttacttaataacaattataaactgaaaaatttaaatattttataaaaataaaatttacaagttttaatatatattaactttaaaatataaatcgtcccgcggtataccgcggattaaaatctagtttgctataaaaaaagtaacgtaaaaattgttgccaattagatattaccaataaagaaatttaaaatatatgggttgaaaaaagagaagaagataagaatcgtatcttattacaacttgccaatttgctatcgtttcgtaacagctaaacagttcaaataaaacggtgtctcgaaacactaaatagacagatgtcaatacctcattggatttaagca, 
AT1G15690,14.47033966,0.559743728,AVP1,424,485,749,508,541.5,Chr1: 1188995 - 1191458,189,https://www.arabidopsis.org/servlets/TairObject?id=30879&type=locus,ctttttcgttctaattgagtaattcataaacgtttaactaattcgattgatactcatcaacgccttatagcattgtcaatatacaactataaacattgagatgtcaccaaattttggtgaggctaaatagaaaacattataattacgacgacgacgataatctaatcatatatcatggaaagtcacaaatcttaccgtgtaaaatcattcgcctctttctaattcaattattgttttaactttaattaggtggattggtttgaattctacgtttaccacaccagtcaccacttggataaacctttaggccatgaatgatattatataatttagaaagaaatggaaactaaatcgtgattgaaagataaaagtatgtcagccacaaaactaggaaagatttcctttacatgataataattttttcgagattcattagcaacctgcaaaagggaacaaagataaagcatgagtggtcactagtactcactgagtacccaaaaaaaacacaattaaatgctaagaaaattccacaaaataattttttggttaagatattttattttatatataaaaaggtatttatccgattggagggttgcacaccattcaatacacttaattacgtcagccgttcgaaaaggccctccgatatatcctcctctctcacaaacttcttcaattttgtattcactggcaatatctatgtacggtttggtgcactgtatcttcttacacgactgtctcgtatcgtatgaagatgagattaaaatgaaaaagtattggaatctaacctaatcgaacaaatgccaaaaataatttagtacaacgtcgaatcgaatttgtgaaagtactatagaatcgattcacattagagacgaatacgagtttttattccactttaaatttcatcgtaaactgaaaagttttttttttttttttttgctttgcatttttcttttttgctttatctgacacgtagatattaatcagcacacggatgtagttttatctctttgccaaaaaaagagagtcaaatcctcaaatttaatcctacataaatgagaattttgttattgttaatcatagcttttacaattatagcaagcatttactttaccccaataaagtttatggcaagcatttatatatcgtggattggtaaattaacaattttatacagatggcctgttttaattaaagggttagatttttcactatggctttcatttaaacaattaaaaaccctgatattttaactacgtatttccatttatcctaatcatgaaattaatacaaaatgatttaggctcttaactatatcttctttttttattgttcaaagctctttactatttatccatatttgataatatgtacactgaatccatctttgtaaaataggaagagagaattaaatgatatattttagaccaaaatacacccgatttggtaaatactcagaatataccatatggatcagataaatcataatcttcacctaactaaattaattttctaccacgaagggggattgactacaaaacccgaaaagtactaatcatgtacttccagatccgacggctaaaaacgcatcgatcaacacgtagtaggtgtctttcgccctaaactcaacgaccaagatgaactcaagctttactttgctgtcgtgtccgacaactaccggatagatgaggatgaatctaaattcggacaaatagagcgtagtcaacacgcgcgtaaatgagttctgatggtgtagcgtaaaaaccgtgtacccaaccgtaccggattccatctatctttctggatgggagcatccaaagagaagaaggagagagctagtcttatataacgacacgatatcctcacctatttacgcctcattttcttcttcacctctctctctgtgtgtgttctgtgttctctctctcgcgcgaagcggttctctttcttttgtttatttgtttttatttgtttttctcttatacggaggagagaag,ctaaatcgataaaaagtataaataaagcaccatatgttattaaaatataattcacataaaaaatatcaaataattcatagatttgcctataagcaaatgactcgtccgtgactgttaaatgaaattaatcggtacaagttatctatggaaaacagttcaactatttaactatatcttctactacagtgtctttttcgttctaattgagtaattcataaacgtttaactaattcgattgatactcatcaacgccttatagcattgtcaatatacaactataaacattgagatgtcaccaaattttggtgaggctaaatagaaaacattataattacgacgacgacgataatctaatcatatatcatggaaagtcacaaatcttaccgtgtaaaatcattcgcctctttctaattcaattattgttttaactttaattaggtggattggtttgaattctacgtttaccacaccagtcaccacttggataaacctttaggccatgaatgatattatataatttagaaagaaatggaaactaaatcgtgattgaaagataaaagtatgtcagccacaaaactaggaaagatttcctttacatgataataattttttcgagattcattagcaacctgcaaaagggaacaaagataaagcatgagtggtcactagtactcactgagtacccaaaaaaaacacaattaaatgctaagaaaattccacaaaataattttttggttaagatattttattttatatataaaaaggtatttatccgattggagggttgcacaccattcaatacacttaattacgtcagccgttcgaaaaggccctccgatatatcctcctctctcacaaacttcttcaattttgtattcactggcaatatctatgtacggtttggtgcactgtatcttcttacacgactgtctcgtatcgtatgaagatgagattaaaatgaaaaagtattggaatctaacctaatcgaacaaatgccaaaaataatttagtacaacgtcgaatcgaatttgtgaaagtactatagaatcgattcacattagagacgaatacgagtttttattccactttaaatttcatcgtaaactgaaaagttttttttttttttttttgctttgcatttttcttttttgctttatctgacacgtagatattaatcagcacacggatgtagttttatctctttgccaaaaaaagagagtcaaatcctcaaatttaatcctacataaatgagaattttgttattgttaatcatagcttttacaattatagcaagcatttactttaccccaataaagtttatggcaagcatttatatatcgtggattggtaaattaacaattttatacagatggcctgttttaattaaagggttagatttttcactatggctttcatttaaacaattaaaaaccctgatattttaactacgtatttccatttatcctaatcatgaaattaatacaaaatgatttaggctcttaactatatcttctttttttattgttcaaagctctttactatttatccatatttgataatatgtacactgaatccatctttgtaaaataggaagagagaattaaatgatatattttagaccaaaatacacccgatttggtaaatactcagaatataccatatggatcagataaatcataatcttcacctaactaaattaattttctaccacgaagggggattgactacaaaacccgaaaagtactaatcatgtacttccagatccgacggctaaaaacgcatcgatcaacacgtagtaggtgtctttcgccctaaactcaacgaccaagatgaactcaagctttactttgctgtcgtgtccgacaactaccggatagatgaggatgaatctaaattcggacaaatagagcgtagtcaacacgcgcgtaaatgagttctgatggtgtagcgtaaaaaccgtgtacccaaccgtaccggattccatctatctttctggatgg, 
AT3G55440,13.67427886,0.423289468,CTIMC,414,397,473,721,501.25,Chr3: 20553403 - 20556560,391,https://www.arabidopsis.org/servlets/TairObject?id=40066&type=locus,AGGCACGTAGGATATCGGGATTCACATCGAAGATCTTGACGCTATCAATCGAAGTTTGTGTCTTGATAAAGTTAGCCACCTGAGTCGGTGGTGGGAGGTTTCCGAGAGTTCCGTAGTTAACACCGATGGCGGAGATCACGGCGGGGATGGTGAGGAATACGGCGGCGCAGAGGAGGAGGAGAAGAGAGATTGACGGTGGCGCTTTGGCCATctttttatatttcggaaatgagaaaaccaaacgattccaagtgaaacccgtgaatcgtttgagttgtgtttttattattacgacgaatagatttttttattcttatcgagaaagtatttataataaaaattaatagatatgaccgttttgtatagcgtatacgtgtgtatatttttagtgaggaacagctggattttgtggaaagcaaaataaaagaagaagtttgtgttgtctttgtttttcatgtgcgtcggcttaaatttaggccgttgtaaattattgaaaaagtggattttgttgtgaccgtggaaactttagttaattaatttggctaattatagagtctgcttttgtttggataatcaatttgtcatctttttctttaatggtttttggctggtaaatactcatactatccaagtttaatctaaaaatatacctctttcttgttaatcgtaattttacaatcctaattttatccagatacggatgaactatatttgaaaaaaaggaactaaagtgaagttaagaaaacaaaagagagatcgagtgttgttttttcttggatacgtttattaaaagatgttcttaatgaggtcaaaggagactatctgagtttttactgctaaacttaaaactaaaaaaaaaatcgattagtaatattgatgtatcaacgaaatgtatatggttaaatattaagtgaaaagaaaaagaagagagatcgacgcggtttgggataatgccattggcccattggacacgtgtttgtaggaggaatagtttggagtttgaacactacggaccaaagtcaaagagattcgaagtatgaagatgttgttgaggaagctgattcgaagtaacttttaccgacacgctttagccatttgttatgctttctttgggaaaagaagatccgcgtccatgtctcattgttaacagtttattgtcattttcaatgacatggttacactcattgcacacacacacaaaccacgtaattttgtatttttttaattaaatcccatccttattttttgcaataacaaattaccattgttactttttaatgatatcacataaaataatcgatgccactcgatagccctttagactaacaatatgtttgttgaagtatgccacaatgtttgaagtgagccggctcaatgctctcatggtggtttagtagtttaacttgagaacttacaacagttttctccttctccacactatttgtatccaagaaggggcattacaatatagaattgcataatacgatttaaacttttaccaaaaaaaaaaaagaaaaaaaaagaaagaattgcgtaatacagaatttatctttaagggaatacaaatataatttggtttcagaatcatctcaataggctttcctttaaccaaacttgggttttattgatgtgcttgctttaatgggcctaaagcccatacaacagcatcactatccacgccgttgtctattcttattattcaccccacccggtacaccgaccaaaccttggccaacacgtccataatatttcatcctccctcctaatttactttaatatcctcaactttcctaatcgttcagggaatattctcatataccctagacatatgcgtcttttccaatctaaaatgttgagagtatatttttatttatatatatatgagtgacccctgcgagagacaacggccactgaacactatcgatctaatcttttcagctctctccatcgtcgtcgtatctgtgactctcgtgatcatcgcctgaaaaaaatttgagata,ttgagatttcaaaattttttatctgaaatttatacaataatgaacatcaaacttaactttaattttatttaccaaaaccaaacaaatattctacttattccttaaaatagaaaaatctgaaaaatagagagaaagctgacCTTAACATCTCTGACACCAGCACGAACCAAAGCGTTGTTAAGATTCCTCATCGCCGGTAAGAGATTATTGATCATGTTATTATCTCCGGTGAGCAGAATCTCATTTCCGACTGAGATATACTTAATCTTCGTCTGAGGATGAAACGGCAAAATGTTAACCGAAACCCACCGACGAGCTTGTCTTCCGTTAGCCAACGCCGGAATATCACCGTTAGGAACGGTGACAACGACGGAGATACCAGTTCCAGCGAAGGCACGTAGGATATCGGGATTCACATCGAAGATCTTGACGCTATCAATCGAAGTTTGTGTCTTGATAAAGTTAGCCACCTGAGTCGGTGGTGGGAGGTTTCCGAGAGTTCCGTAGTTAACACCGATGGCGGAGATCACGGCGGGGATGGTGAGGAATACGGCGGCGCAGAGGAGGAGGAGAAGAGAGATTGACGGTGGCGCTTTGGCCATctttttatatttcggaaatgagaaaaccaaacgattccaagtgaaacccgtgaatcgtttgagttgtgtttttattattacgacgaatagatttttttattcttatcgagaaagtatttataataaaaattaatagatatgaccgttttgtatagcgtatacgtgtgtatatttttagtgaggaacagctggattttgtggaaagcaaaataaaagaagaagtttgtgttgtctttgtttttcatgtgcgtcggcttaaatttaggccgttgtaaattattgaaaaagtggattttgttgtgaccgtggaaactttagttaattaatttggctaattatagagtctgcttttgtttggataatcaatttgtcatctttttctttaatggtttttggctggtaaatactcatactatccaagtttaatctaaaaatatacctctttcttgttaatcgtaattttacaatcctaattttatccagatacggatgaactatatttgaaaaaaaggaactaaagtgaagttaagaaaacaaaagagagatcgagtgttgttttttcttggatacgtttattaaaagatgttcttaatgaggtcaaaggagactatctgagtttttactgctaaacttaaaactaaaaaaaaaatcgattagtaatattgatgtatcaacgaaatgtatatggttaaatattaagtgaaaagaaaaagaagagagatcgacgcggtttgggataatgccattggcccattggacacgtgtttgtaggaggaatagtttggagtttgaacactacggaccaaagtcaaagagattcgaagtatgaagatgttgttgaggaagctgattcgaagtaacttttaccgacacgctttagccatttgttatgctttctttgggaaaagaagatccgcgtccatgtctcattgttaacagtttattgtcattttcaatgacatggttacactcattgcacacacacacaaaccacgtaattttgtatttttttaattaaatcccatccttattttttgcaataacaaattaccattgttactttttaatgatatcacataaaataatcgatgccactcgatagccctttagactaacaatatgtttgttgaagtatgccacaatgtttgaagtgagccggctcaatgctctcatggtggtttagtagtttaacttgagaacttacaacagttttctccttctccacactatttgtatccaagaaggggcattacaatatagaattgcataatacgatttaaacttttaccaaaaaaaaaaaagaaaaaaaaagaaagaattgcgtaatacagaatttatctttaagggaatacaaatataatttggtttcagaatcatctcaataggctttcctttaac, 
AT5G39570,13.63697947,0.396743516,AT5G39570,279,449,436,585,437.25,Chr5: 15843881 - 15846191,258,https://www.arabidopsis.org/servlets/TairObject?id=133413&type=locus,CCAAACCCTGGATCTCTCTCCACCGTCTATCCTCGTAATCATACCACCTCAGAAAGACGTCATGGCAAGCGTACATTACATTCTCTATCACACACCAAACCTTTACTCTTCTTATACTTGATTTGCTTACAACTTTCCATGTATCATCTTTGGGCTCGTAAGTGTAGTCATTTATCTGTGCCGCTACGTAAAGCTTTCCTTCCAAAGCATTGGGGTTGACGTTAATTAATCTGACTGCAGTTTGACTATCACCAAGACGCGGAAAGTATCTGTTGGGCCACACAATGTAGCGGCGTAACTCAAGGCCAGCCCTAAAACTAGGCAAGGCTCTCCAAGTCTGAGTCTTGATGTCGAACACCTCAAACCAATCGTCAGACTCGTCCATCTCGCGACCTCCCAAGACGTATATTCTCTGGTCGATGAGAACCGCGACTGGATCCGATCGAGCTACCGTCATGTTAGGACCGTCACGCCACGTGTTACTCCGACAATCAAATATCCGAACTGAGGAAGAGCGGTTGAAGTGTCCACCGATTACGTAGATTTCCGAACCAACCGCTACCGTGGATGTACGAAGTACTGGTGAAGACGAAGGTAGCGGAATCAACGAATAGTCATGTATAGTACCGGTACCGGTGAGGGTTTCATCAGGTTTCATCCAAAGAGTGTACCACTGTGGAGATGAATGGTTAGCTGATTCCAAGCAGAAATAGAGGCATGGCTCGGTGGTTCCGATTTCAGATCGCGTCTTGTATAGTTGCGGGGAAGAGAGAAGAGAAAGGAAACTTTTGGAGACGAGAGAGAGATTAGGATAACTCCATTTAGAGATACGTGCAAGAATGTTCTCTATGATTTCGTATGGGAGTGACATCAACGACGGTGGCTCAGAACTCAAACTTCTCTTCTCTTTTGGTTGTTCAACTTCGGAGATCATGGTCGCCGGAAATGGTAGAAGCATgcagtgaagaagatagatgagaaattagggttatatatagattacatatctaaatattgtggacataattagttgtggtgtcaaaaaaaaaaaaaaaaaaattagttgtagtcattcattgtccaaagatttgtttatagacataaatcatagcttataagatttttttttctaaaggtaaataatggttatagtttataaataattaaaatataaagatctacaaggcttaaaaataaaaattcaaaaggaaattaaaatctacaaaataaacctaaatgtaaaaaccataaaacaaaaaaaatcaagatacactaattcaattgcattaattcataaattttatccttatttttaatatattaatttctttttgtaaaggtaaacaatggttataaataattaaaattggaaataaaggaccttaaaaatataagatatacacaaaaccttaaaaagcctcatatcaaaaggaaattaaaatctacaaaataaacctaaatttaaaaaccataaaccaaaaaatatgaggcacattttctttcttttccaaaatcataaaccaaaaattcaagacacaataattcataaattatattcgtttttgtaatatagtcccttaatgtattattaaatcatactttctcccatggtttggttcccggttaaatcagtcggcaattggtacaatcaaattggttattaccaattaagataaacccacgtggcatagcttgcccgaatcgtagtggtctccatgtaaacagcaggaagatgggatccacaattattcattcaaaacgcaacgtttttaaactcttcgtcttcttcttcccccgcgtataaattctcatttctgtcattttgatcagatccaagaaaccaaaagagtaaaacaaacacagagaagcttcttcttaaacgatgccgtactataccagagatgacaacgacgtcgacgatttcgatgagtttgatccaacgccgtacagtggtggttacgacatcacggtgatctacggccgtccgattccaccttccg,atcaTCAAATCGAAACAACCACACAACTGTAGCACAAGTCACACAACTTGGGGACCGTAAGCACAGAATTAATCCACTCTATCTTACCCCAGATCTCATCTTTACTGCGCTTCTCTAACGCAATCTGAGCACACCAAATTTCAATTTTATCTTTTCCGTCGCTTTGCACCGGACGCCACATAACTACAAGTTTCCCACCATAGTTAACTATTCTTTCCGCCCCACTGAAACCCCTCGTAGGGTGGTAACACAATTCTTCCAAACCCTGGATCTCTCTCCACCGTCTATCCTCGTAATCATACCACCTCAGAAAGACGTCATGGCAAGCGTACATTACATTCTCTATCACACACCAAACCTTTACTCTTCTTATACTTGATTTGCTTACAACTTTCCATGTATCATCTTTGGGCTCGTAAGTGTAGTCATTTATCTGTGCCGCTACGTAAAGCTTTCCTTCCAAAGCATTGGGGTTGACGTTAATTAATCTGACTGCAGTTTGACTATCACCAAGACGCGGAAAGTATCTGTTGGGCCACACAATGTAGCGGCGTAACTCAAGGCCAGCCCTAAAACTAGGCAAGGCTCTCCAAGTCTGAGTCTTGATGTCGAACACCTCAAACCAATCGTCAGACTCGTCCATCTCGCGACCTCCCAAGACGTATATTCTCTGGTCGATGAGAACCGCGACTGGATCCGATCGAGCTACCGTCATGTTAGGACCGTCACGCCACGTGTTACTCCGACAATCAAATATCCGAACTGAGGAAGAGCGGTTGAAGTGTCCACCGATTACGTAGATTTCCGAACCAACCGCTACCGTGGATGTACGAAGTACTGGTGAAGACGAAGGTAGCGGAATCAACGAATAGTCATGTATAGTACCGGTACCGGTGAGGGTTTCATCAGGTTTCATCCAAAGAGTGTACCACTGTGGAGATGAATGGTTAGCTGATTCCAAGCAGAAATAGAGGCATGGCTCGGTGGTTCCGATTTCAGATCGCGTCTTGTATAGTTGCGGGGAAGAGAGAAGAGAAAGGAAACTTTTGGAGACGAGAGAGAGATTAGGATAACTCCATTTAGAGATACGTGCAAGAATGTTCTCTATGATTTCGTATGGGAGTGACATCAACGACGGTGGCTCAGAACTCAAACTTCTCTTCTCTTTTGGTTGTTCAACTTCGGAGATCATGGTCGCCGGAAATGGTAGAAGCATgcagtgaagaagatagatgagaaattagggttatatatagattacatatctaaatattgtggacataattagttgtggtgtcaaaaaaaaaaaaaaaaaaattagttgtagtcattcattgtccaaagatttgtttatagacataaatcatagcttataagatttttttttctaaaggtaaataatggttatagtttataaataattaaaatataaagatctacaaggcttaaaaataaaaattcaaaaggaaattaaaatctacaaaataaacctaaatgtaaaaaccataaaacaaaaaaaatcaagatacactaattcaattgcattaattcataaattttatccttatttttaatatattaatttctttttgtaaaggtaaacaatggttataaataattaaaattggaaataaaggaccttaaaaatataagatatacacaaaaccttaaaaagcctcatatcaaaaggaaattaaaatctacaaaataaacctaaatttaaaaaccataaaccaaaaaatatgaggcacattttctttcttttccaaaatcataaaccaaaaattcaagacacaataattcataaattatattcgtttttgtaatatagtcccttaatgtattattaaatcatactttctcccatggtttggttcccggttaaatcagtcggcaattggtacaatcaaattggttattaccaattaagataaacccacgtggcatagcttgcccgaatcgtagtggtctccatgtaaacagcaggaagatgggatcca, 
AT4G39260,13.70324789,0.606792499,RBG8,234,176,366,965,435.25,Chr4: 18273829 - 18275216,258,https://www.arabidopsis.org/servlets/TairObject?id=129643&type=locus,TTGTCTGTTGCTCAAACGTTGACTCTAACAACAAGAGGAGGAATAAGAAGAAGACCAACAAGGATGTCTTCCTCAGAACCACCATggtttctctaaaccctggtgacgactagtacttcgaaaaacttaaagccattcattgcctaagattcaattggaaaaaagcttcgcgatttatggaaataatcaaatctcttttttttttgggtttccttcgaatccgatcaataaaggaaactttctttttgtgattattcaacaaagatatatactaaaaaaggttcttcactctgttacctctgcgactttctctggcaattacttttctctgtgcacttcagaatcaaaaacgattcattgttgtttaccaatcattttctgctgcctctctctctctctaactcttccatgtttttttttgtcctagatttagagagagaaagatggaaagtctgatataatacgaaacagatatttttatataatatttgataaaaacttcttcttacagaactgttctggacagagaaagcttcagactggtcaagaacagcggccgttcgaagaaaagagaagaaagtataagaaaataaaaaaagtgagagaaggtggatctttcgttgtatacgtgcacgttcccaagatttatggttcgatctcgtgaccgagacgcagatacagtaattgaaagtgaagttctgaatacggcgtcgtttgaggagtttgactctcaacgatcccgcccaagacagcttaacgaactcttaaattaatatcatttcaaaaatacttaaagtttctgctgacgtttaatatgataaccaccattttagtagttttgcaaataaataattgaattcctaggagctacgatgctactccatttctgtaaattttgtatgacaattatttttcctcgtattaaaacgaccaaaatatactaataataattgtggctttattatgagcaaaatgatttagttgtcactcttataaaaagtcgacgatactttttcatattacctgcgatatattaataatcagatttcttaaaaaaatcttagccaggttatttcttgttgaaaaagctcttctacacgctttagtcagcattttcagcacaaaaatcgaaatcaagatactgaaccatttgtaattgactttgtataactactacatcttcattcttcatccgtctaattttggtatacaaaataattaatcctgtaaaaaaataatattcagacagtcaaaatatttcaagtacagagcgagtgtatccaaatattcaatgattgaaaattgaattccattgaaagatttatatgttcacatatctgcacatctagctttcatttgaatatcacttaacataccaaaatatttgtacaacaaaaaacgtctatgctaaagtttggatattacagactgtaacatgtccacgatgctattgcgataagaatcttttcatatgaatttattgcatgtcataattaatgacaaaacaaatatgtaaatccatagcacattatcgtcatagtctttgcatattatttcattttattgttttactaatttcgccgtcagattcattgggccggaagttataatctttccaattaaattagataggcccaataaacgaaactcagacccaactattgtatgacataatgacgacgagacgaaggacaaaattgtcatttaaggaataaaagatattcttacaaagatattttttgctcgaaacgaggagaaaaaatcattagttatcgaaaatgctcacatgatgtgggcctaaccactaacccaattaaccacacatcttaatcagagtaagttgaaacaaatctttcagcaaaccctagaaaacatgtttaaccctagttattacgtcacacctgttctataaattaaggctgcgtcttatcacctcaaatcacataagtctctctcttacattttgaaaccctaatttctcttcttttccccaaaaaaaa,CTGGAAGATAGAACCTTGAGGCGTTGAAGGAAGCTAGACGGGTGAGATTGACGAGAGAACCAACTGAGAATTCCGGGTTTTGATTCCCAATCCTTGTCCTTCTGAACCCTGAAATGTTGATCTTAGTTACTCTACCATTCTGATCACATTTGATGCCGTTCCAGTTCAGACAAGGATTGCCTTTTACAGGCCAATCTCTGCTTCGTAACCCAAGAGAAGACCTTAACAGCAGAAGCGCCGATTTCTCATTCAGAGAACTTGTCTGTTGCTCAAACGTTGACTCTAACAACAAGAGGAGGAATAAGAAGAAGACCAACAAGGATGTCTTCCTCAGAACCACCATggtttctctaaaccctggtgacgactagtacttcgaaaaacttaaagccattcattgcctaagattcaattggaaaaaagcttcgcgatttatggaaataatcaaatctcttttttttttgggtttccttcgaatccgatcaataaaggaaactttctttttgtgattattcaacaaagatatatactaaaaaaggttcttcactctgttacctctgcgactttctctggcaattacttttctctgtgcacttcagaatcaaaaacgattcattgttgtttaccaatcattttctgctgcctctctctctctctaactcttccatgtttttttttgtcctagatttagagagagaaagatggaaagtctgatataatacgaaacagatatttttatataatatttgataaaaacttcttcttacagaactgttctggacagagaaagcttcagactggtcaagaacagcggccgttcgaagaaaagagaagaaagtataagaaaataaaaaaagtgagagaaggtggatctttcgttgtatacgtgcacgttcccaagatttatggttcgatctcgtgaccgagacgcagatacagtaattgaaagtgaagttctgaatacggcgtcgtttgaggagtttgactctcaacgatcccgcccaagacagcttaacgaactcttaaattaatatcatttcaaaaatacttaaagtttctgctgacgtttaatatgataaccaccattttagtagttttgcaaataaataattgaattcctaggagctacgatgctactccatttctgtaaattttgtatgacaattatttttcctcgtattaaaacgaccaaaatatactaataataattgtggctttattatgagcaaaatgatttagttgtcactcttataaaaagtcgacgatactttttcatattacctgcgatatattaataatcagatttcttaaaaaaatcttagccaggttatttcttgttgaaaaagctcttctacacgctttagtcagcattttcagcacaaaaatcgaaatcaagatactgaaccatttgtaattgactttgtataactactacatcttcattcttcatccgtctaattttggtatacaaaataattaatcctgtaaaaaaataatattcagacagtcaaaatatttcaagtacagagcgagtgtatccaaatattcaatgattgaaaattgaattccattgaaagatttatatgttcacatatctgcacatctagctttcatttgaatatcacttaacataccaaaatatttgtacaacaaaaaacgtctatgctaaagtttggatattacagactgtaacatgtccacgatgctattgcgataagaatcttttcatatgaatttattgcatgtcataattaatgacaaaacaaatatgtaaatccatagcacattatcgtcatagtctttgcatattatttcattttattgttttactaatttcgccgtcagattcattgggccggaagttataatctttccaattaaattagataggcccaataaacgaaactcagacccaactattgtatgacataatgacgacgagacgaaggacaaaattgtcatttaaggaataaaagatattcttacaaagatattttttg, Gene expression induced by cold
AT4G40040,13.62392108,0.488767734,HTR8,368,446,395,498,426.75,Chr4: 18557171 - 18558945,300,https://www.arabidopsis.org/servlets/TairObject?id=130111&type=locus,TGAGAACAAATGCTCAAAATGGCAACGACTCGGCCAAGGAGTCTTCTGGTGGCGGAAACAGACCTGTTACTAACGATGATGGTAATGGTTCCAAGAAAGACCAATTCGCTGGTTTCAGTTTCAAGTGGGGAGAGCTGTTGAATCCAGATCAAGATAACTTTGTGGCTGTTGGATTAGCTGGAGTGTTGACTTGGGCTAGCCTTCAAGTCTTGTCTCAGCTTTTCTTCATCTCTTTCGCCATCCTTGTCGCTGCTCTCAAGTATTCATTTATCGCTGCTCTACTCATTTTCATTCTCGTCACTCTCCTCTAGctttgtctactattgtctttataatggtcatttactactaaagaatttgtaccaacaacgattcagattctactctgttattgtaatcgatttgaagaattactacagatacatgcatgaatgtacatttgagcttggtatcaagtttggtgtgaattcgaacatggtttaaaccctcttcttgaaacactgaagaagaatgtcttacgaaccagttcaaatctcaaagttaacacctcttatgatccaactcgaagcaatgcattgatatatcacaatcaaaagcaatggcgagaatcgattaaagttatttcattgagactttattaagcttaagttatattaagaagagacaCTACTTTTTAGAGGAGGATTTCTTCTTGGAGCTAACAACAACAACTTGAGGTTTAGGATGTTTCTCTGCTTCACTTGGATCTAACCACTTAAGATGATGACGATTAAAGCAAGGCCAATTAGGTATTGTGATCAGAGTCGTCAGAACAACACCTCCGGCGTAAATCAACATCATCATCCTAAACGACGCCGTTGTGTAACCAACAACGAACGACACAACGGCGGCGATCAGAAGCAGGATCTGCATTAACTGCTCCGCCAATTTCTGCCCTTGCCAATCCATatctgaagaagaaaaaaaaacacaaaattacgatttagatccgatataacaaaatttgaatcgcacagatcgatctctttggagattctatacctagaaaatggagacgattttcaaatctctgtaaaaattctggtttcttcttgacggaagaagacgacgactccaatatttcggttagtactgaaccggaaagtttgactggtgcaaccaatttaatgtaccgtacgtaacgcaccaatcggattttgtattcaatgggccttatctgtgagcccattaattgatgtgacggcctaaactaaatccgaacggtttatttcagcgatccgcgacggtttgtattcagccaatagcaatcaattatgtagcagtggtgatcctcgtcaaaccagtaaagctagatctggaccgttgaattggtgcaagaaagcacatgttgtgatatttttacccgtacgattagaaaacttgagaaacacattgataatcgataaaaaccgtccgatcatataaatccgctttaccatcgttgcctataaattaatatcaatagccgtacacgcgtgaagactgacaatattatctttttcgaattcggagctcaagtttgaaattcggagaagctagagagttttctgaggtacgattcttcgatcctctttgattttcctggaaatattttttcggtgatcgtgaaactactggaatcgctcgataggtggtacgaaattaggcgagattagtttctattcttggccattatcttgtttcttcgccgaatgatcttccggataaagattttaggttagagatgaatcgtatagctagatttcatcaccagatagtttctttgtctagaatctctgaaattctcgatagttttcacatgtgtaaatagattgttcttattcggcgattgttgattagggttttgattttcttgattatgcgattgcaattagggattttctttggttttgtgttgatcttacgatacattccggcaattgaatacgtatggatctaaatcttgttaatttgttgaacag,aagaaactaagaaagtgtgacattgttctatcgctttttcataaacatctatgtaagtttgagccaagaacgaattaaagattgaaactttacccaaattatctattcaactttgtgatgaatgggttttaagtttcaacatttgagctcaagaacgaagtaaaaaggttgatacttttttacaaatgatgaaaggtgccagagattgaatcctagccgtcaaataataaatcaaaacgccaagaacaaaggtgtctctgtgagattgaatcgtagccatcgagtccaatttctaaccggaaccgcttgatttcgctgtcttctagttctgcgacctatcatcgctttagtggaaaggaggaagaaacatggagatttcgaggtgagtttgcagagatttgaataaatctttggatagtttcgtctggtattaactatgtttggttggagttgcgattattagtttgagaagcttttagatctgttttcagggaatattcatatattggcatatctgtttttcaattgcagatggatttgactactccaagaaacccataaagatctttgatttgaaaaacctaaattccatccactATGCTAACTTTGAGACCTTTTGTGCCTGTAACAACATTAAAGCCTCGTTTTTCATACAACATTCCGCATCATCATCATCACATTCGCTTGTGCAAATCTCCTTCATTAATCTTGAGAACAAATGCTCAAAATGGCAACGACTCGGCCAAGGAGTCTTCTGGTGGCGGAAACAGACCTGTTACTAACGATGATGGTAATGGTTCCAAGAAAGACCAATTCGCTGGTTTCAGTTTCAAGTGGGGAGAGCTGTTGAATCCAGATCAAGATAACTTTGTGGCTGTTGGATTAGCTGGAGTGTTGACTTGGGCTAGCCTTCAAGTCTTGTCTCAGCTTTTCTTCATCTCTTTCGCCATCCTTGTCGCTGCTCTCAAGTATTCATTTATCGCTGCTCTACTCATTTTCATTCTCGTCACTCTCCTCTAGctttgtctactattgtctttataatggtcatttactactaaagaatttgtaccaacaacgattcagattctactctgttattgtaatcgatttgaagaattactacagatacatgcatgaatgtacatttgagcttggtatcaagtttggtgtgaattcgaacatggtttaaaccctcttcttgaaacactgaagaagaatgtcttacgaaccagttcaaatctcaaagttaacacctcttatgatccaactcgaagcaatgcattgatatatcacaatcaaaagcaatggcgagaatcgattaaagttatttcattgagactttattaagcttaagttatattaagaagagacaCTACTTTTTAGAGGAGGATTTCTTCTTGGAGCTAACAACAACAACTTGAGGTTTAGGATGTTTCTCTGCTTCACTTGGATCTAACCACTTAAGATGATGACGATTAAAGCAAGGCCAATTAGGTATTGTGATCAGAGTCGTCAGAACAACACCTCCGGCGTAAATCAACATCATCATCCTAAACGACGCCGTTGTGTAACCAACAACGAACGACACAACGGCGGCGATCAGAAGCAGGATCTGCATTAACTGCTCCGCCAATTTCTGCCCTTGCCAATCCATatctgaagaagaaaaaaaaacacaaaattacgatttagatccgatataacaaaatttgaatcgcacagatcgatctctttggagattctatacctagaaaatggagacgattttcaaatctctgtaaaaattctggtttcttcttgacggaagaagacgacgactccaatatttcggttagtactgaaccggaaagtttgactggtgcaaccaatttaatgtaccgtacgtaacgcaccaatcggattttgtattcaatgggccttatctgtgagcccattaattgatgtgacggcctaaactaaatccgaacggtttatttcagcgatccgcgacggtttgt,Intron splits ATG and 5' UTR. Intron is in promoter 2kb upstream ATG. 
AT1G15270,12.40476991,0.515467957,AT1G15270,300,507,407,487,425.25,"Chr1: 	5250650 - 5252121",101,https://www.arabidopsis.org/servlets/TairObject?id=31155&type=locus,ATGTACCACATTACTGGACGGCGCTGAAGGATAAAATGGAGGAGAAGCGGAACTCAAACTTGACACAGCTACATTCTTTTTGGCATGGGCACCTTGATTCTCAGTTTTAGCAGGGGCAGTTGGTGAACGCCGTGAATCGAGGTGTGGCATTTTCTCACGAGAGTTTTGAGACCCATTAGAATTTCGTAACctacaaattcagtacacaagtacattataatagagaaaacccttcactcaactaggggattttttttttaagaactcacTGTTTGCTTTGCTCAGAATGTGCTTGATTTTCATTCCTCAGGGGAGTGTCGGATTTCCTGGGTCCTCTCCCTCGTGAGACAGCTTTAGGAACATAAATTTGCTGTCCACTACTGGTTAATGTGTTAGAACTGCTCCCTCTAGCGTATCCACGCCCTTGTCCCCTACCCCGACCATGACCTCTGAATCGGCCTCTAGACATCCTCTGctgtgtatcaaatgcagtttaagaaagaaaggaaaaagataagagacggaaagtgcataaatacaacaaagctaacatatgtcacatgtacatgttatagcaattaagagataagaggaatctaaaattattctaaaaaccatagacagaagctttacATCAGAATGTTTTTCCCCAGTATTCATCTCTTCAAATTTGTCATGTCCCCATTTTCTTTCCTCTCCAGAGCCCCACTGTCTTCTCCCACCACGCATTCGCctacgaaagcaagataaagaactatatcaatcgacagatagaaggtagagaggaagagctatattcagaaaaaatcatatttcccaatagtatgaactaagcaatccccaatgcagctactcaaacccctcatgcttgataaaattgcaagataataagaggtcaataactccaccttagagtcaattatctctcctctaaatacaatttcatcctaagttaatacctactttgaaaaatccaacccttgcataataaggttgagttgatacttgatagcttatagtgacagattttgaagcagaattgattgagaaagctgtgaaaaacaaacacagtaaagagagtaaacCTGTTTCCGCCAGCAGACATTTCCTGAAACCTATCATCATGCATATAAAAAGCTCCACCAGTGGGAACAGCAGCTTGTAACTTCTCCTTTTCATTTTCTTCCTCTCCATTCATATCACCAGCCTCCTTCACCACACCACTCTTATCATTATCGATTCCTCCACCACTTTCCTCCTCATCATCCTCATAACTATCCTCCCCATCTTCGTCATTATCATACTTCACAGTACCAACTTCTTCATCAGATAGGTCAGAATCAACCACAGCCCTCTGATTTTTCACATCTCTAACAGCATCATCATCATCACTATCGTCATCACTCGCTTCTCTCCTCCTCGTCGCCAAGGAGCGGTTCAGCTCCTCGGGATCACTCTCATATTCCGCTTCAGATGTCGCCATgaaattctctctagaaacctgaaaaaaaggagagtggtactcgtaaatccaaaacctagatgaagaagaaattcaattgagaaatcgaaagagtcgctcaagcgctccgtactaatcgactatgtagaagaaagctcgcgcatacctataaaccctatctgagctcgagaggcgttcttcagcgattttgggggtttccaatgaaatcgaatggagccagaccttttgttaactgttaattaatcgattttattttgttatttcgcgcattaaatataacgactgtgacctaggttgacccaaataaaggtatttaacgggcccaaaaagaaatttgtaggccttttaatgggccatacactttcagagcccatttaataggttgcgttgttactacgaactcattataaatatgaaccgtagccccaatcagagagattcgataccgtctgcaactctcagctactttttccccaattttgagctcaacatcgaaccctagctcaacgaaccaatc,GTCCAAACTGGTGAATAACCGGATTTTGTATTCCTATACTTCTTCCCAGAAGGCGTGACACTTTCATTTGTGTGGAGTCTTTCCATACTAACTTGTATACCATGTACCACATTACTGGACGGCGCTGAAGGATAAAATGGAGGAGAAGCGGAACTCAAACTTGACACAGCTACATTCTTTTTGGCATGGGCACCTTGATTCTCAGTTTTAGCAGGGGCAGTTGGTGAACGCCGTGAATCGAGGTGTGGCATTTTCTCACGAGAGTTTTGAGACCCATTAGAATTTCGTAACctacaaattcagtacacaagtacattataatagagaaaacccttcactcaactaggggattttttttttaagaactcacTGTTTGCTTTGCTCAGAATGTGCTTGATTTTCATTCCTCAGGGGAGTGTCGGATTTCCTGGGTCCTCTCCCTCGTGAGACAGCTTTAGGAACATAAATTTGCTGTCCACTACTGGTTAATGTGTTAGAACTGCTCCCTCTAGCGTATCCACGCCCTTGTCCCCTACCCCGACCATGACCTCTGAATCGGCCTCTAGACATCCTCTGctgtgtatcaaatgcagtttaagaaagaaaggaaaaagataagagacggaaagtgcataaatacaacaaagctaacatatgtcacatgtacatgttatagcaattaagagataagaggaatctaaaattattctaaaaaccatagacagaagctttacATCAGAATGTTTTTCCCCAGTATTCATCTCTTCAAATTTGTCATGTCCCCATTTTCTTTCCTCTCCAGAGCCCCACTGTCTTCTCCCACCACGCATTCGCctacgaaagcaagataaagaactatatcaatcgacagatagaaggtagagaggaagagctatattcagaaaaaatcatatttcccaatagtatgaactaagcaatccccaatgcagctactcaaacccctcatgcttgataaaattgcaagataataagaggtcaataactccaccttagagtcaattatctctcctctaaatacaatttcatcctaagttaatacctactttgaaaaatccaacccttgcataataaggttgagttgatacttgatagcttatagtgacagattttgaagcagaattgattgagaaagctgtgaaaaacaaacacagtaaagagagtaaacCTGTTTCCGCCAGCAGACATTTCCTGAAACCTATCATCATGCATATAAAAAGCTCCACCAGTGGGAACAGCAGCTTGTAACTTCTCCTTTTCATTTTCTTCCTCTCCATTCATATCACCAGCCTCCTTCACCACACCACTCTTATCATTATCGATTCCTCCACCACTTTCCTCCTCATCATCCTCATAACTATCCTCCCCATCTTCGTCATTATCATACTTCACAGTACCAACTTCTTCATCAGATAGGTCAGAATCAACCACAGCCCTCTGATTTTTCACATCTCTAACAGCATCATCATCATCACTATCGTCATCACTCGCTTCTCTCCTCCTCGTCGCCAAGGAGCGGTTCAGCTCCTCGGGATCACTCTCATATTCCGCTTCAGATGTCGCCATgaaattctctctagaaacctgaaaaaaaggagagtggtactcgtaaatccaaaacctagatgaagaagaaattcaattgagaaatcgaaagagtcgctcaagcgctccgtactaatcgactatgtagaagaaagctcgcgcatacctataaaccctatctgagctcgagaggcgttcttcagcgattttgggggtttccaatgaaatcgaatggagccagaccttttgttaactgttaattaatcgattttattttgttatttcgcgcattaaatataacgactgtgacctaggttgacccaaataaaggtatttaacgggcccaaaaagaaatttgtaggccttttaatgggccatacactttcagagcccatttaataggttgcgttgttactacgaactcattataaatatga, 
AT1G20693,12.98514729,0.476395764,HMGB2,345,256,404,626,407.75,Chr1: 7176747 - 7178895,8 (214) ,https://www.arabidopsis.org/servlets/TairObject?id=500231448&type=locus,CTTGTAGCTTCCATCCAACACCGGATACGAAGGTGCTTTTCGCAGCAAACGATGAGACCAATCTCCTGACATTGATATCAGGGACGAAAAAAGCAATCTCAGTTTACACACTACTCGGGTATCACAAGTGGACACTCGCAAGCCAGTTCAAGAACGTATCAATGGAGGAATCAGATCTTGAATGTTGGAACGTGGTTGCATATGACGGCAAGTGTCTAGTGGTGAGGGAGAAAATGATACGTTCTAGTGACATTGAGCTTCATGTGTACGACATGGAAGCTGACAGTTGGGGAGTTTTTGAGACGGCCAAATGTTGGTCCCAAGACTTCTACAAGTTTAAGCCCTCCTTTTTCTCTATTGAGGATGACGAGCAGACAAAGGTGCTTGTACCTTCTGATGACCAACGCCTTTCCTATCTAACTACAATTATGGAAATGATACAACCAGGTAAACTATCTCATTGTTTGATTATTTTGAGTCAATTTATTATTCTTAATCATCCTACTCCCTTGCTCATCTCTTTCTAACTGATTCCTTGAACCAGTAAAAGAGACTCACAAAGATGACTAGTCAAACAATCTTCAGAACGACTTACCCATCCGGTCATTATCCTTAGCTTTGCGGGGTAGATGGATTAAGCATTTCATCCAAACATTATTGATGCATTTTCTAAAGATCATGTTCCAAGGCATTATGATTAACTTCATATATAATAAAATCAATCATTACTAATGTTTAAACTACACATCAAATTCTACTACACTTAATCACAGTAACGTCTTACATAATCAAATCTCATTAATAAAAATCCCAATCAGGAGCAGAGAGTGTGAGAAAGAGAGCATCAGCAGACCAGTAGTTATCAACAAGCGAACTTACCTGTGAAGTTCAGAGATCAAGTGTATCCCATCATTTGCTCTCCCTCTCTCTTTGCACCATAAGTTATCTAATCCTAACTCAGAAAAGACTGTAATCAATTCAAGCAATAACACTACACAAACGGCAAAAAACCTTAATCTAATCGAACAAACATATAAAGACTACAAAGCAAAGCAAGAGGATCCATGGACGATAAAAAGATCAAAATGTTATCCTTAGTTATGGCGGCGATGCAGGAGCTCCTCATATATACCACAGCAATTTCACCCAAACCGAACATTTTAAAATCAGAAGCCCTAGCAAAATTAATAAATCCAAACCGAACCGGATGGCCGACGCAGCAAACCGAACCGGATCCTTGAAGGGATTGAATGCGAATAATTATTTCCGTAATTACTGCTATGATTTTAAATTAATTATTTAGGACCAAAAATAAGGGCAATGAGTCATATCGCTTGCCGCTGAATTCTCACGCTGAGAAGAAGCAcaagagaaaacacataaccaaaggcctagaatcaaaacttgagatgacaacggccaatgatgtgaaaccacaaggattgatgacctggcaaaatatatttgaaatcccgcctaaacccctcagtttttacatttcgtgcgaaatttcaatttttttgcaatatcctttattgattgaccgaagatattttacaagcctttctccactaagcccttctctcttcttctcttggcctctcacttgaatctcccacaaagcgatcaatcacaaattccttcttctctctctctcttttcgtccctaaggtaatttttcttcgtttttcttctttgattttgctgtttgaatctcgtttttgtgttacgatctgttttggtgatagtttttggctattcatatcgaattctacgtttcgaaatttgaatatcatgttctggatgattgcgatttatgcttgactggcttagtttctgtagcatctatctcgaattttgtatttgtatcgatctgtttagatgatgaattttcaattatcgcttctatgtatagaattgaatgttctgcatcttgctatatatgtagtatacttgattagtttcgtcgctgaccttgtgatatgtttgcagaatcaatt,CTCATCTTCTGCCAACCTTTGGTCTATTCATGTGATTATATGTCACTAGGAAACAAAGCAGAGTTCATTAACGATCGATGTTACATTTTCGGCTCATGCTCCGGCCTTCTCCTACTATACATTGGTCACTTCTTCATCGTAAATCCCTTGACAAAGAAATTTCGAATCGTGGATCACTCTGGGTCGAAGCTTCTGCCTCACATAGTTGGTGGTGTCGAAAAGGCTGATCCTTATGACCCCGATGGTCCCCTTGTTCGTACAGAGAGAGCGATGTGCGTCGGTTTCGTGGTAGATCAATGTTGAATCACCAAGATATTCAAGATCGTCTGCATACTTGAGATGGAAACAAAGTACAGATTTGAAATCAGCGACGGAGATTCTTGGAGGTTATCGAAAACGACCCTCACGACCAGCTCCAAAAGTGGTCTCAAGAAGCGGATGAAACCTGTTTACGTAGATGGCAATCTTCACTGGTTGAGAAACGACTGGAGCATCATAGCGTTCAATCCCGAGACAGAGCAAGCACGACTGATTCCTTGTAGCTTCCATCCAACACCGGATACGAAGGTGCTTTTCGCAGCAAACGATGAGACCAATCTCCTGACATTGATATCAGGGACGAAAAAAGCAATCTCAGTTTACACACTACTCGGGTATCACAAGTGGACACTCGCAAGCCAGTTCAAGAACGTATCAATGGAGGAATCAGATCTTGAATGTTGGAACGTGGTTGCATATGACGGCAAGTGTCTAGTGGTGAGGGAGAAAATGATACGTTCTAGTGACATTGAGCTTCATGTGTACGACATGGAAGCTGACAGTTGGGGAGTTTTTGAGACGGCCAAATGTTGGTCCCAAGACTTCTACAAGTTTAAGCCCTCCTTTTTCTCTATTGAGGATGACGAGCAGACAAAGGTGCTTGTACCTTCTGATGACCAACGCCTTTCCTATCTAACTACAATTATGGAAATGATACAACCAGGTAAACTATCTCATTGTTTGATTATTTTGAGTCAATTTATTATTCTTAATCATCCTACTCCCTTGCTCATCTCTTTCTAACTGATTCCTTGAACCAGTAAAAGAGACTCACAAAGATGACTAGTCAAACAATCTTCAGAACGACTTACCCATCCGGTCATTATCCTTAGCTTTGCGGGGTAGATGGATTAAGCATTTCATCCAAACATTATTGATGCATTTTCTAAAGATCATGTTCCAAGGCATTATGATTAACTTCATATATAATAAAATCAATCATTACTAATGTTTAAACTACACATCAAATTCTACTACACTTAATCACAGTAACGTCTTACATAATCAAATCTCATTAATAAAAATCCCAATCAGGAGCAGAGAGTGTGAGAAAGAGAGCATCAGCAGACCAGTAGTTATCAACAAGCGAACTTACCTGTGAAGTTCAGAGATCAAGTGTATCCCATCATTTGCTCTCCCTCTCTCTTTGCACCATAAGTTATCTAATCCTAACTCAGAAAAGACTGTAATCAATTCAAGCAATAACACTACACAAACGGCAAAAAACCTTAATCTAATCGAACAAACATATAAAGACTACAAAGCAAAGCAAGAGGATCCATGGACGATAAAAAGATCAAAATGTTATCCTTAGTTATGGCGGCGATGCAGGAGCTCCTCATATATACCACAGCAATTTCACCCAAACCGAACATTTTAAAATCAGAAGCCCTAGCAAAATTAATAAATCCAAACCGAACCGGATGGCCGACGCAGCAAACCGAACCGGATCCTTGAAGGGATTGAATGCGAATAATTATTTCCGTAATTACTGCTATGATTTTAAATTAATTATTTAGGACCAAAAATAAGGGCAATGAGTCATATCGCTTGCCGCTGAATTCTCACGCTGAGAAGAAGCAcaagagaaaacacataaccaaaggcctagaatcaaaacttgagatgacaacggccaatgatgtgaaaccacaaggattgatgacctggcaaaatatatt,5' UTR split by Intron 
AT5G11740,13.72970194,0.589046579,AGP15,266,380,706,206,389.5,"Chr5: 	3783930 - 3784963",388,https://www.arabidopsis.org/servlets/TairObject?id=135729&type=locus,GACATTACAGAAAACTTCTTTGGAAAAATCTTTGATGGAAGAAACTGCAGTTACAATGGTCGCAACACTTCCATGTGTTATCTCTTTGCGAGGAAGTTTGCTCCGAGTGCTTTGGAGCCTTTGCTTCACATTGCTCCCAAGATTCTTGGATTTTGAgtagtttagttatgtctctgaagtctgaacctcttgacatcaaatattttattttgtttgttgtgatactagtttggaagaaatgagattttagtagagagaactaggttgcacgacaggatagtcatatgtaaactttatatttcaaagaattactatgcatagatcaaatagtcttctactctttgggactatcttttcagatgcattattgaatcacaaatttgttttcttttttcctattgttgtgccttgattttcagtcttaaatccctcgaggctttgacccttgtgcctaaactgtgtttttgtgtctcttaacccattttctttgattgtagcaagttagaaaatatgatttgattgtaaccaagttaaaataacagatcgtgttttatgttagttctatagtgtccttgttgctaactcgttttcttttattctaacaagttagaaagacgaacaaacttttcttaacatagactatattacataaactagaattggtacattgtttaccgacctggaagccaaaaaaggaaagaacttgcttaccgaccaagattttggtgctttgaatgtgaaagaccaataaactaaatgacaatgggaacacaaacatagccaggtggagacacacttttacacctaatcgaagtttctcgaagccctcaagagcctgccaacgtctaccatctgtcttttttttttgctctcttttcaaaaatcaataacgttattcttttttggcaattcaataaagtatgtgaaaaagattcatttgaggtaaagaagttttcaatttcattatcctagaatatgttttataggaataggatataaagaaattccacaaaatccacctttaaaaaaaaaaactaataatgaaagtgttttcatttactttcttaaaactgactttcctattaagtagaggagaaatttgcacccattcaactaaattgtgtcacattttctctcaaaattaaaacaaaaacaaatctatatgtatttaaatgcgatttatagttattgagaaacaaagcaattttgtaaaactatcataagcattaatataaataaaataaatataattgtcctaatcaactcaaattaattgttgaaaaaatgtttttttcttaatgtccacagtttttcttatatttaatgttttcaatatcatttcaatcttctatagttccaataaaataaaataaaagatgagtataatccattcttcttaaatttgctttttcattttaaaaacaacatagcttcgagaaatcaaagactaggctttttttctcaacaaacgtcgacgtatttgaaaaagctcattttaacattagccgttacacgaaccatgtgcaaaagaaatggtccccactcccaacaaatacaagtctgcgcatcttggccgtttccttcacggaaccgcgttgccgtgactgttaaaaaaaaaatagacagctcatcaaattcttcacgcgccaacacaacagaccgttgtgcctttttatctcagcgagttagatccacgcccctcgttgagcgtcccaaaaaaactcccgaataaatatcctcaaacggcgccgtaacggagaaagatgacctgtcgaaatctcagtaaatacgcggagcaatatcagccgtcgataatcaaattccagctggaaaaacctgggcaactaaaccaactaaaccgggcagcttcacatctgcccgacctctttaaatacccctcaccacatttcatgatagaaaacccttaagctaagcaaatttcaaagcatttcaaaaaccctagcctatctctctttatctctcacaacaaaatctttgaa,CTCAGAGTCATGCATTCCACTCTACAACTTCACAACCATTTACAGCTACTTAAGCCGATCAAAACACAGCTTCATGGGTGCTTTTGATGACCCTGGACCGTTTGGGCGTGGCCGCTACAACGGGAACATGGAACCTGAAGTTCCCCTTACCAAATGGCGAAAAGGGTCTCAATGGTTTGAGGTTAACCGGGACCTGGCAGCTACCATTGTCAAAGACACATTGTATTACCCGAAATTCAAAGAGTTCTGCAGGCCTGCTTGCTATGTGGACGAGCATTACTTCCCAACAATGTTGACGATTGAGAAACCAACAGTCTTGGCTAACCGGAGCTTGACATGGGTGGACTGGTCGAGGGGCGGTCCCCACCCAGCTACGTTTGGGCGATCGGACATTACAGAAAACTTCTTTGGAAAAATCTTTGATGGAAGAAACTGCAGTTACAATGGTCGCAACACTTCCATGTGTTATCTCTTTGCGAGGAAGTTTGCTCCGAGTGCTTTGGAGCCTTTGCTTCACATTGCTCCCAAGATTCTTGGATTTTGAgtagtttagttatgtctctgaagtctgaacctcttgacatcaaatattttattttgtttgttgtgatactagtttggaagaaatgagattttagtagagagaactaggttgcacgacaggatagtcatatgtaaactttatatttcaaagaattactatgcatagatcaaatagtcttctactctttgggactatcttttcagatgcattattgaatcacaaatttgttttcttttttcctattgttgtgccttgattttcagtcttaaatccctcgaggctttgacccttgtgcctaaactgtgtttttgtgtctcttaacccattttctttgattgtagcaagttagaaaatatgatttgattgtaaccaagttaaaataacagatcgtgttttatgttagttctatagtgtccttgttgctaactcgttttcttttattctaacaagttagaaagacgaacaaacttttcttaacatagactatattacataaactagaattggtacattgtttaccgacctggaagccaaaaaaggaaagaacttgcttaccgaccaagattttggtgctttgaatgtgaaagaccaataaactaaatgacaatgggaacacaaacatagccaggtggagacacacttttacacctaatcgaagtttctcgaagccctcaagagcctgccaacgtctaccatctgtcttttttttttgctctcttttcaaaaatcaataacgttattcttttttggcaattcaataaagtatgtgaaaaagattcatttgaggtaaagaagttttcaatttcattatcctagaatatgttttataggaataggatataaagaaattccacaaaatccacctttaaaaaaaaaaactaataatgaaagtgttttcatttactttcttaaaactgactttcctattaagtagaggagaaatttgcacccattcaactaaattgtgtcacattttctctcaaaattaaaacaaaaacaaatctatatgtatttaaatgcgatttatagttattgagaaacaaagcaattttgtaaaactatcataagcattaatataaataaaataaatataattgtcctaatcaactcaaattaattgttgaaaaaatgtttttttcttaatgtccacagtttttcttatatttaatgttttcaatatcatttcaatcttctatagttccaataaaataaaataaaagatgagtataatccattcttcttaaatttgctttttcattttaaaaacaacatagcttcgagaaatcaaagactaggctttttttctcaacaaacgtcgacgtatttgaaaaagctcattttaacattagccgttacacgaaccatgtgcaaaagaaatggtccccactcccaacaaatacaagtctgcgcatcttggccgtttccttcacggaaccgcgttgccgtgactgttaaa,
AT4G40030,13.07644508,0.396150833,AT4G40030,312,493,368,348,380.25,Chr4: 18555618 - 18556904,77,https://www.arabidopsis.org/servlets/TairObject?id=130108&type=locus,attagaaaacttgagaaacacattgataatcgataaaaaccgtccgatcatataaatccgctttaccatcgttgcctataaattaatatcaatagccgtacacgcgtgaagactgacaatattatctttttcgaattcggagctcaagtttgaaattcggagaagctagagagttttctgaggtacgattcttcgatcctctttgattttcctggaaatattttttcggtgatcgtgaaactactggaatcgctcgataggtggtacgaaattaggcgagattagtttctattcttggccattatcttgtttcttcgccgaatgatcttccggataaagattttaggttagagatgaatcgtatagctagatttcatcaccagatagtttctttgtctagaatctctgaaattctcgatagttttcacatgtgtaaatagattgttcttattcggcgattgttgattagggttttgattttcttgattatgcgattgcaattagggattttctttggttttgtgttgatcttacgatacattccggcaattgaatacgtatggatctaaatcttgttaatttgttgaacagATGGCTCGTACTAAGCAAACAGCTCGTAAGTCTACTGGAGGAAAGGCTCCTAGGAAGCAGCTTGCTACAAAGgtaagactcgggctctcacatgtgatctgagtagcttgataaacacatttctagatttgttctaattggtggatgttttaatttaagGCTGCACGTAAGTCTGCACCAACCACTGGAGGAGTCAAGAAGCCCCATCGTTACCGTCCAGGAACTGTTGCACTACGgtatgcaatctgtttcttccccaaattcaattgtgtttttactttattgatatcgtcattgattaaactctgtttctctgttttattgatcttgattgacagTGAAATTCGTAAGTACCAGAAGAGTACCGAGTTGCTGATCAGGAAGCTCCCTTTCCAGAGGCTAGTTCGTGAGATTGCCCAGGATTTCAAGgtaatgtgtctgttcgtctgattcagtctacaaatggatttaactttttacttgttttgtcataaccttgtgttcttatcttgtctctttgattgcagACTGACTTGCGTTTCCAGAGCCATGCTGTGCTTGCACTCCAGGAGGCTGCTGAAGCATACCTTGTGGGTCTCTTTGAGGACACTAACCTCTGCGCCATCCATGCCAAGCGTGTGACCATAATGCCCAAAGACATTCAGCTCGCTCGCAGGATCAGAGGAGAACGTGCTTAAttgtgattgggaagtagttggattatgtgaatgtgggtggttttctaaatagatagttggaattagataatggcttaaaaagcttttgggtgtaggagacttggaaacaatggtgttttttttttcttttctttctgtttcttgtctagtcggtttatgatttgcttgtgttcttcttagctacgttttgtggtgtgtattgctttcttctttggcaatgttgaacaccttttgttgttgaattcatctctgaaacatatgaatatgttaaagtttctgactcttgtttcatctgtatctgttcgatattgtatgattgagttttattgtttatcaataagctttctgtttcaaagttcttttcaatatcaacaacttttacgttcacgaaattggtaatccgtgtgacacttaaaatctctaatcgtggccgttgggctgtgttgagaaaacacaatgtacaatagtttgaaccgtaggataaagaatgtgagaaagcacaaaggagcgtatcgtgataaccctttcgtgagtattataaataataattcaactacattgcggccacaaccactacttcaatcatcccctattactgcttttgttacgaaagacaaaaaaacaaaacaaaacaaaagtcagctcaggcgaagaacaggtatgatttgtttgtaattagatcaggggtttaggtctttccattacttttta,cgtcaaaccagtaaagctagatctggaccgttgaattggtgcaagaaagcacatgttgtgatatttttacccgtacgattagaaaacttgagaaacacattgataatcgataaaaaccgtccgatcatataaatccgctttaccatcgttgcctataaattaatatcaatagccgtacacgcgtgaagactgacaatattatctttttcgaattcggagctcaagtttgaaattcggagaagctagagagttttctgaggtacgattcttcgatcctctttgattttcctggaaatattttttcggtgatcgtgaaactactggaatcgctcgataggtggtacgaaattaggcgagattagtttctattcttggccattatcttgtttcttcgccgaatgatcttccggataaagattttaggttagagatgaatcgtatagctagatttcatcaccagatagtttctttgtctagaatctctgaaattctcgatagttttcacatgtgtaaatagattgttcttattcggcgattgttgattagggttttgattttcttgattatgcgattgcaattagggattttctttggttttgtgttgatcttacgatacattccggcaattgaatacgtatggatctaaatcttgttaatttgttgaacagATGGCTCGTACTAAGCAAACAGCTCGTAAGTCTACTGGAGGAAAGGCTCCTAGGAAGCAGCTTGCTACAAAGgtaagactcgggctctcacatgtgatctgagtagcttgataaacacatttctagatttgttctaattggtggatgttttaatttaagGCTGCACGTAAGTCTGCACCAACCACTGGAGGAGTCAAGAAGCCCCATCGTTACCGTCCAGGAACTGTTGCACTACGgtatgcaatctgtttcttccccaaattcaattgtgtttttactttattgatatcgtcattgattaaactctgtttctctgttttattgatcttgattgacagTGAAATTCGTAAGTACCAGAAGAGTACCGAGTTGCTGATCAGGAAGCTCCCTTTCCAGAGGCTAGTTCGTGAGATTGCCCAGGATTTCAAGgtaatgtgtctgttcgtctgattcagtctacaaatggatttaactttttacttgttttgtcataaccttgtgttcttatcttgtctctttgattgcagACTGACTTGCGTTTCCAGAGCCATGCTGTGCTTGCACTCCAGGAGGCTGCTGAAGCATACCTTGTGGGTCTCTTTGAGGACACTAACCTCTGCGCCATCCATGCCAAGCGTGTGACCATAATGCCCAAAGACATTCAGCTCGCTCGCAGGATCAGAGGAGAACGTGCTTAAttgtgattgggaagtagttggattatgtgaatgtgggtggttttctaaatagatagttggaattagataatggcttaaaaagcttttgggtgtaggagacttggaaacaatggtgttttttttttcttttctttctgtttcttgtctagtcggtttatgatttgcttgtgttcttcttagctacgttttgtggtgtgtattgctttcttctttggcaatgttgaacaccttttgttgttgaattcatctctgaaacatatgaatatgttaaagtttctgactcttgtttcatctgtatctgttcgatattgtatgattgagttttattgtttatcaataagctttctgtttcaaagttcttttcaatatcaacaacttttacgttcacgaaattggtaatccgtgtgacacttaaaatctctaatcgtggccgttgggctgtgttgagaaaacacaatgtacaatagtttgaaccgtaggataaagaatgtgagaaagcacaaaggagcgtatcgtgataaccctttcgtgagtattataaataataattcaactacattgcggccacaaccactacttcaatcatcccctattactgcttttgttacgaaagacaaaaaaacaaaacaaaaca, 
AT2G33040,12.75972635,0.484902491,ATPC,244,368,312,586,377.5,Chr2: 14018610 - 14021185,138,https://www.arabidopsis.org/servlets/TairObject?id=32571&type=locus,cctgtgaaactattgttccacgcagacaagtagatcgaaccgagtggtggagtaggaaacgctcctgtcatggagttataggcaaaatCTAGTAACTGCACTGATGAGTTAAGTAAAACTTCTGAAGAACCTTCGAAACCAGTCAAAGAATTGTTAACAAGATTTGCTATGCTAAGACGAGGAAGCTTCCAAAACCACTCAGGTACTTTCCCTTTGATTAGATTGTTGGAAATGTCTATATGCTCCAAGTTTTGAAGGGTCTTAAAGATGTTTGGAAACTCGATAATGTCGCACTGGATCAAAATCAAGCTTATTAAGCTCAATGGAAACTCTGAATCTGAACTTAAACTGGCTGGTAATAACCTATTTTGACGAATATCAAAGACCAACAAAGATTTGAGAGGagcgaagacgcgtaagtcaattgggtgacttatgtttagggaagcaagttcaagatggttgaggtttatgagctttgagataggctctatgatttttccttcaaattggttaaacccaagggacaaacgaactagcttAGATGAAGAAGAAGAGTTTGGGACATCAATAGAACCAGTGAGATGATTCTTTTTCAGATCAAGATAAGACAAGAAAGGCAAAGTGGGTAGTAAATCAAAAGGTATGGCTCCTGAGAATTGATTGTAAGAAAGGTCTAAAAAGGAAAGCTTTGTTAGGTTTCTTacaggtgggaaactaccagtgagctcattatgggaaaggtttaaatgggtaagcaagataaggttactaattgaggaaggaacttgaccagtaaagctactagAGGCAAGAGACAAAACCTCTAATCTGGTGAGATTGCTGAATTCAGAAGGGAGTGAAGAGGAAGTGAAGTTGTTGTGAGAGAGATTAAGGTAACGAAGCTGATGCAACTCAAAGAGACTACTGTTTGGTTTGAGAGTTCCAGTGAAGCAACCACTTGGGAGCTGAAGCTTCGTGACCGCACCAGTCGTGTTATCACACTGGACTCCGTTTAAGTAGTCACTGCGGTTGCAGCCGTCAGATTCAAACTCATTCTTGAATTGGATTAGAGCTTGGATCTGGTCAGGAAGACAAGCAAGAGCGTCGGTCGTCAAGAAGCTTGAAACGAAGACGATACAGTAGAGTAAGAGTAGCGAGCAAAAATGCAAACGCATGGTGTTTGTGATTGAACCAACAAGTTGAGGAAATTATTGAACCCAAAAAAAGACATATCAAAGATTTGCTATATATATGTTATTTTAAGCCGCCTTTACTAAATATGTGGGGTTTAAATGTCACGTGAAATGTCTACGAGTCACATTTGTTCATGAAGTAAATTCCACGTGGACATCTCTGACTATATAACTGGGAGTTATAGTTGACTGTTAAAATtggcttcaaaatttagcaacaagaggaaatcaacactcagcaatttactctcattggatcaaatgaacgcacattaatatgacgtaacgatgatgacaattctgtttaatagtatcttattgtttacagatacagaaaaataaattaagtgggcctttcaataattaataggttggtgaaatgttaccttctcttgatatttttttaattttcatttattatgagtatgttgcgttatgaaacaactcgcattaatttggttatagattggagaaagaagaagtcatggtcaaaactcaaaaatgtaaaaggaaacaagacgtgtatgacgacgtgattgataatctgaggagatacctttgggccttataagatgggccgaaaaagtaatagtattagcctctattcggcccgattaatttcaggggaaattttggtaataaagtggaaacgacgtcgtgacaaaactactgtgtagactgagaaataaagaagcccttgattttgcccattgcagtcatctctctcgaatctctctctataatccgatctgagaaatttcgccggagctaggttttgttgtttaccgatcaatcctttaatca,CTTCCTTCCAAGCTGTTCTTCCTGAGGTTTACTACTTTTAAGTTACTCAGACATTGAGGAATTGGACCGGTGAATTTGTTGTAGGATAGATCAAGGACGATGAGAGAGCTTCGGTTGCAGATTGAGAGAGGTatgttccctgtgaaactattgttccacgcagacaagtagatcgaaccgagtggtggagtaggaaacgctcctgtcatggagttataggcaaaatCTAGTAACTGCACTGATGAGTTAAGTAAAACTTCTGAAGAACCTTCGAAACCAGTCAAAGAATTGTTAACAAGATTTGCTATGCTAAGACGAGGAAGCTTCCAAAACCACTCAGGTACTTTCCCTTTGATTAGATTGTTGGAAATGTCTATATGCTCCAAGTTTTGAAGGGTCTTAAAGATGTTTGGAAACTCGATAATGTCGCACTGGATCAAAATCAAGCTTATTAAGCTCAATGGAAACTCTGAATCTGAACTTAAACTGGCTGGTAATAACCTATTTTGACGAATATCAAAGACCAACAAAGATTTGAGAGGagcgaagacgcgtaagtcaattgggtgacttatgtttagggaagcaagttcaagatggttgaggtttatgagctttgagataggctctatgatttttccttcaaattggttaaacccaagggacaaacgaactagcttAGATGAAGAAGAAGAGTTTGGGACATCAATAGAACCAGTGAGATGATTCTTTTTCAGATCAAGATAAGACAAGAAAGGCAAAGTGGGTAGTAAATCAAAAGGTATGGCTCCTGAGAATTGATTGTAAGAAAGGTCTAAAAAGGAAAGCTTTGTTAGGTTTCTTacaggtgggaaactaccagtgagctcattatgggaaaggtttaaatgggtaagcaagataaggttactaattgaggaaggaacttgaccagtaaagctactagAGGCAAGAGACAAAACCTCTAATCTGGTGAGATTGCTGAATTCAGAAGGGAGTGAAGAGGAAGTGAAGTTGTTGTGAGAGAGATTAAGGTAACGAAGCTGATGCAACTCAAAGAGACTACTGTTTGGTTTGAGAGTTCCAGTGAAGCAACCACTTGGGAGCTGAAGCTTCGTGACCGCACCAGTCGTGTTATCACACTGGACTCCGTTTAAGTAGTCACTGCGGTTGCAGCCGTCAGATTCAAACTCATTCTTGAATTGGATTAGAGCTTGGATCTGGTCAGGAAGACAAGCAAGAGCGTCGGTCGTCAAGAAGCTTGAAACGAAGACGATACAGTAGAGTAAGAGTAGCGAGCAAAAATGCAAACGCATGGTGTTTGTGATTGAACCAACAAGTTGAGGAAATTATTGAACCCAAAAAAAGACATATCAAAGATTTGCTATATATATGTTATTTTAAGCCGCCTTTACTAAATATGTGGGGTTTAAATGTCACGTGAAATGTCTACGAGTCACATTTGTTCATGAAGTAAATTCCACGTGGACATCTCTGACTATATAACTGGGAGTTATAGTTGACTGTTAAAATtggcttcaaaatttagcaacaagaggaaatcaacactcagcaatttactctcattggatcaaatgaacgcacattaatatgacgtaacgatgatgacaattctgtttaatagtatcttattgtttacagatacagaaaaataaattaagtgggcctttcaataattaataggttggtgaaatgttaccttctcttgatatttttttaattttcatttattatgagtatgttgcgttatgaaacaactcgcattaatttggttatagattggagaaagaagaagtcatggtcaaaactcaaaaatgtaaaaggaaacaagacgtgtatgacgacgtgattgataatctgaggagatacctttgggccttataagatgggccgaaaaagtaatagtattagcctctattcggcccgattaatttcaggggaaattttggtaataaagtggaaacgacgtcgtgacaaaa,ncRNA ustream of 5' UTR (AT2G33051) 
AT3G15730,13.54735914,0.411222785,PLDALPHA1,245,316,373,572,376.5,Chr3: 5330194 - 5333745,8 (234),https://www.arabidopsis.org/servlets/TairObject?id=38934&type=locus,cttttgggttttctattttagcttttttctttttgcttataagaaaaaaaaaaaaactaattatgtacttattgtagtttaattatagtaatattcttttgattttttttcttttttttcctactaaacagttaaagattcacgtactacttatcaaattcagttcagacagtcggacaatatcaataggtgcacctaaatttcattccaagttttaccctaccacaaaaaaaaaaaatcattccaagatacaggcctaaatacgtgtacagaatgttaaatcaccaggcccaattatggcccatattcaaatatcaatagcacctaaatttctagtttctacgtcccttcttcattttttccttgggtcaactaaaattcaaaagtcctattttctaaaataagctaatatagaagcaaaacaaaggaattgggttattttaagtccagatttttcagacaagtcaccggtgagcggtggctgcgtatcagaaaccttgccgtgagcattgctaaataataaacatagataggggaataagctccaaaataagctcccttgtatcctaccattgtgttacaatttagcattacgccgagttgccaatactgtcttaattttccctttgatccccatatatgagacacctctgatctgttcttcaccgcatttttatgattgacggttttgctgatggttagtacattagaacttattagataccagagaatgcaaatacattgtataatccccatgtggccacgttccgtttatgaggagtaatattttatacaactatcacattcttctttacccaaaaaaaacgaaaaaaaaaactacccaatcttatagcgaagatgtgtgagatccaatgatgaagcaattaaattattgctagtgaattcatgtcattatgcgaacacgtactacttgagaaaagtacaccatatagttttcttgtgatggacggtgaggattcagcttgggaaacgatgtcgtaacgtttggatgcagaacgtcgggcgcacgatttggatatctcttttttttttttgtctcccctatcctcaagtcagggattttattacaactttgaatatttatttcctttttttatgtcggccttcttaaaacttttcaagattttcaattagtcactaaactttccattttatctttttcactctattatataattttagatgtaacgtaaaatattactattaggatgtgagataacataatccaaccacaattatatcgttatctagtaacattaactatatattataagttataaattgaaaggaatctcttgagagtaactatttagggcctaattgtgaaactaaaaacgtgtagggctgaaactaataacaattcgtacgttgggtcactattaaatcatcaaagatctgtagaaaataatgaaaaagtggccccacacgctccaattaaattacagcagctccacaaagtagctcttaaagagcttccatcacggaccagatcccgaattcttcttctgaccaccgaacgattgagtttctccgatcagatctcagtttctgggaataattcgaagttagtatttctctacttcatctctatgaatctcattcattttatctttatgtttctctttacttgttttgcgattaaaactcgtttgatcatttaggtggttctttgttttgtgagataagtggaactcgctgacttttttttttttctttttggataatcaacgatcgggttcatttgctattgtcctctagtgttacactgatacgatctttagttttgagttagatcagtgactttagtttcactattcaactagtgttccttgtttttaggacaatactgcgaaaatttagctgctctaaaattttgataccagatctttgagattcgtagatctcgcttttctttttttttagttttttcagaaactaatattgtgttctggtcaattcttattgctaaaggtgaaaaa,tcatgctaaatttgtcttcttttgacaaaagtttattggttttcagtcctagaaacttgtaaattatgtaagcgagtgacaaagtttattggttttcagacctagagagcagtgaatgacaaagtttattggtttgcagacctagaacttgtgaacgggcagcgaataaagtagctcatatcattacgctttcccgattctagttccttggttttatatgacgacggttatctgttgtgattgataaaccggatcgtataactaattagtaattcctttcaaacttttagtttgaagaagatgttgagccaaaaaacatttatataatctatccgaagaaacttgtgtttgcttcttaggccatcttcaacggtaaaattaggtggattatcttaaaatattgttttttaattattatcatataatattattatttacttaaataattattctgaaaataataatttaacctattaaaatgtaacctattatttacttttctctctctcctactttattattattttatattttttagttagtgaaaaaccatactagagactactgatggagatgttcttatcttttctgtctatttttgactttcatgattcgcttttagtttcttttcttcggcttcgcttttgggttttctattttagcttttttctttttgcttataagaaaaaaaaaaaaactaattatgtacttattgtagtttaattatagtaatattcttttgattttttttcttttttttcctactaaacagttaaagattcacgtactacttatcaaattcagttcagacagtcggacaatatcaataggtgcacctaaatttcattccaagttttaccctaccacaaaaaaaaaaaatcattccaagatacaggcctaaatacgtgtacagaatgttaaatcaccaggcccaattatggcccatattcaaatatcaatagcacctaaatttctagtttctacgtcccttcttcattttttccttgggtcaactaaaattcaaaagtcctattttctaaaataagctaatatagaagcaaaacaaaggaattgggttattttaagtccagatttttcagacaagtcaccggtgagcggtggctgcgtatcagaaaccttgccgtgagcattgctaaataataaacatagataggggaataagctccaaaataagctcccttgtatcctaccattgtgttacaatttagcattacgccgagttgccaatactgtcttaattttccctttgatccccatatatgagacacctctgatctgttcttcaccgcatttttatgattgacggttttgctgatggttagtacattagaacttattagataccagagaatgcaaatacattgtataatccccatgtggccacgttccgtttatgaggagtaatattttatacaactatcacattcttctttacccaaaaaaaacgaaaaaaaaaactacccaatcttatagcgaagatgtgtgagatccaatgatgaagcaattaaattattgctagtgaattcatgtcattatgcgaacacgtactacttgagaaaagtacaccatatagttttcttgtgatggacggtgaggattcagcttgggaaacgatgtcgtaacgtttggatgcagaacgtcgggcgcacgatttggatatctcttttttttttttgtctcccctatcctcaagtcagggattttattacaactttgaatatttatttcctttttttatgtcggccttcttaaaacttttcaagattttcaattagtcactaaactttccattttatctttttcactctattatataattttagatgtaacgtaaaatattactattaggatgtgagataacataatccaaccacaattatatcgttatctagtaacattaactatatattataagttataaattgaaaggaatctcttgagagtaactatttagggcctaattgtgaaactaaaaacgt,Intron splits ATG and 5' UTR. 
AT3G13920,13.65194149,0.591785899,EIF4A1,286,379,236,524,356.25,Chr3: 4592256 - 4594962,96,https://www.arabidopsis.org/servlets/TairObject?id=38045&type=locus,tcagagatcgagatcgatgaatttgacttgtactcaatccaattttgaaacagtaaatatgtggatggaagataggattcgatctagaactcaccaagagtcagaagaacggtaaatcgcagtatagagagtgaaggatcacttggaagaaagctgggatttgatgatgatgatgaagatagttttgtgtttaggtttttcagaaatggcaaaatgctgccttacatgtaccagattgtatcgtaccaacaccaattctaccataaccgatataaaagtatttaaaccgactaattaagcttcacaaatttcggtttgtactttattatattgggccctattattattctctgagcttttgcgtctcaccaaaagacagagatcatcaggtgcgttagtgattacgtaggcatctaatgaacggcagggattagtcaaacttattaatgggcctaatctttggcccatcgttttccctcgattcctgtcacacaaaaaactcctagctcttcctctacctacacaagctaaatacatattttttgcttatcctaagcatcatgattatgttttgccctctccagctttttcttcaatggcaacagattctaagaaagtctcttgaggctaaaatcaaagcattttttgttgaagatagatagcaacttgctgcttcttcatactagctagttaccttcttcttactcaatgtgttttgcttcgtttcaaggattcttcatatcacttgtggaacaattacatgattaaacattcaacatagagagatagatgtgttaataagtaaagacattttcagataaaacgttcttatcagtcactttattcttctaatatcctcgttgtaatcgggaaaatgctttgtaacgtcaaaaagcaataaaagttgcaggagaaagaaagctttggaaaagaaaataaaataaatgaagaatattttctttgctagtcacaaaataaatgaagaatttatgttcctaatttcccactagatatttgtttatttatttttgccaaaatcaagttaagacaatgagctaagtgttggaaaaccttgtccgagccaaaagagtaaaaagaaagggaataaaggggtaaaaccggaaatccgaaaaagaaaaggagaagatttccaaaggagaaaaccctaaagacggagtatataaacaaggtaacgcgttttctctcagcctctttcggatattccaccagtctctcgcaatcttcgctcttctctttgctctctctctctcaacgcggttcagatccgagtttgggagattcaagctccctgaaaaaagccctttactctcgcttaccaactttgctccaggttcgcatcctatcggattgtctatctattatctcgatgtaacttttacgattcatgattgtttctttacttttggattgttctgatttgtttttttgtgttttccgatagatttggtttcaactttgttgagttgatttggaagttttgatttttcgttacttcaagatcgttttttttgctgtggaagtgctttcgtttttgttctctttattagattctgagctgctgatgatgacgattattaaatttaggatctacacatctgtagatttgttgatgggtttgtagattttgttacggctaggttagtctctcaatagaatgaaatgaatcgtcttcaaagctcagatgttcttgtcttaacactcacttggttttgtctgattgaatgtttttttttgtaatttggagaaataggttgagtggtgtctatGTTTAATAGATAACCATATGTGCCTTTATACATTTTCTCCGCACATCATCTGAGGCAGATATTAATGCTTGTTTTCCTCTCTTTATGGACTTCGAGTTTGGCTTTCTTGTCACATTTcctcctttgcaatcatattattaacgatatcaaaataggtgttgtctctcttccttttgatatgaaatctgattgtttttgttctttttatgtagc,gctgcgtcagccgatccgaattcgcaactgcaaataacaaaaaaaatggtgggaatgtttgttagggggtttctcctttttccctcggcaactatatcagagatcgagatcgatgaatttgacttgtactcaatccaattttgaaacagtaaatatgtggatggaagataggattcgatctagaactcaccaagagtcagaagaacggtaaatcgcagtatagagagtgaaggatcacttggaagaaagctgggatttgatgatgatgatgaagatagttttgtgtttaggtttttcagaaatggcaaaatgctgccttacatgtaccagattgtatcgtaccaacaccaattctaccataaccgatataaaagtatttaaaccgactaattaagcttcacaaatttcggtttgtactttattatattgggccctattattattctctgagcttttgcgtctcaccaaaagacagagatcatcaggtgcgttagtgattacgtaggcatctaatgaacggcagggattagtcaaacttattaatgggcctaatctttggcccatcgttttccctcgattcctgtcacacaaaaaactcctagctcttcctctacctacacaagctaaatacatattttttgcttatcctaagcatcatgattatgttttgccctctccagctttttcttcaatggcaacagattctaagaaagtctcttgaggctaaaatcaaagcattttttgttgaagatagatagcaacttgctgcttcttcatactagctagttaccttcttcttactcaatgtgttttgcttcgtttcaaggattcttcatatcacttgtggaacaattacatgattaaacattcaacatagagagatagatgtgttaataagtaaagacattttcagataaaacgttcttatcagtcactttattcttctaatatcctcgttgtaatcgggaaaatgctttgtaacgtcaaaaagcaataaaagttgcaggagaaagaaagctttggaaaagaaaataaaataaatgaagaatattttctttgctagtcacaaaataaatgaagaatttatgttcctaatttcccactagatatttgtttatttatttttgccaaaatcaagttaagacaatgagctaagtgttggaaaaccttgtccgagccaaaagagtaaaaagaaagggaataaaggggtaaaaccggaaatccgaaaaagaaaaggagaagatttccaaaggagaaaaccctaaagacggagtatataaacaaggtaacgcgttttctctcagcctctttcggatattccaccagtctctcgcaatcttcgctcttctctttgctctctctctctcaacgcggttcagatccgagtttgggagattcaagctccctgaaaaaagccctttactctcgcttaccaactttgctccaggttcgcatcctatcggattgtctatctattatctcgatgtaacttttacgattcatgattgtttctttacttttggattgttctgatttgtttttttgtgttttccgatagatttggtttcaactttgttgagttgatttggaagttttgatttttcgttacttcaagatcgttttttttgctgtggaagtgctttcgtttttgttctctttattagattctgagctgctgatgatgacgattattaaatttaggatctacacatctgtagatttgttgatgggtttgtagattttgttacggctaggttagtctctcaatagaatgaaatgaatcgtcttcaaagctcagatgttcttgtcttaacactcacttggttttgtctgattgaatgtttttttttgtaatttggagaaataggttgagtggtgtctatGTTTAATAGATAACCATATGTGCCTTTATACATTTTCTCCGCACATCATCTGAGGCAGATATTAATGCTTGTTTTCCTCTCTTTATGGACTTCGAGTTTGGCTTTCTTGTCACATTT,Contains snoRNA (AT3G02795) upstream of 5' UTR 
AT1G78900,13.5745965,0.442686247,VHA-A,281,324,331,466,350.5,Chr1: 29660088 - 29665078,64 (224),https://www.arabidopsis.org/servlets/TairObject?id=31103&type=locus,ggtttgcaatatttgacacaggcaagacgaagggtttcccaaatggccaacttttgttaaatgctaagaaatccgacatattggtatgtaatgctactcataaggtaacagctcactcttccacattaaaatgaaactttgtataagtttgagacaaaatgtgaatgctttataattccatgaaatgctacttataaggtaagagcacactcttccacattagaatgaactttgtataagtttgagacaaaatgtgaatgctttaaaattcaatgaaatactacactcttccacattaaaatgaaactctgtataaatttgagatgaaatgtgaatgctttacCTGCATAAGCAACGGTTACACCTGATATGAGTCGCCCAAGCGCTGATAAGAAGTAAAGGCAAATTACGACctaaaggaaaaagcaaaaaacaaacatattcagtatagagcacaattactgagttaacaattagcaatgcatttatatggtaactgggtaaagacactagggttctaagagaatctctgtggtgatatattgatgctaatgcattttgatacactcatgatccaagaatagtaacggtatcttgtacatagtaagttggtaacaaaggacacacttacCTTGACAAAAAGTCTCTTGTCATGTCCAGTTGCTGCAACCCTCAGAACACCCTCTGCTGCTCCAACGGTATTAGCTAAGCGTGCAACGATGTTACTTGCTGTGTCCTGTGATATTTGCCACTCTAGTGGATCCACTGGTACCctttagaaaagttataggattgtaaatcatgtggtatgataaagcaagggtcttgaagagttatacacacaatgagcagaagataatgatatcattgaacattctaggattatgactatgcattgatcacagagaacggaagatgatagtaatcaaataagatcgatgcatcattgattcacccagaaatacaatgagaactagtttcagttcatgccttcagagaatacatgaaatcaatttcataatcaagttaacataactgattgcacaaccacattacaaagtacaacccaattaaacaattatatcgagcaagtattcaaacttgtcacaaatcaaaggagccaacaaatttcgtatctactcggtcaccaaacagcaaatgactaaatcagagaccaaagaacaaaatccaataccgtaaccagagagatttaggcgaaaaatgtgagggaacttacGAGACATTGAGTTGGCGAAAAAGGAGACCGAGAATGGCGAGAGAGCATAAGAGAACAATGAAAACATCGGAGAAGAGAGAGAGAAGAGTCGCGTTACGATATGCACAATGGTAATACACAAGCGTCCCGCTAATCAGCAATCCCATCGCCTTCCCCATTTCTCCCATctctctccccacttcaaaaaaaacttgctttccctttcttcactttcagaaaatttccccgagaaaacaaaactgatcacttttgtgaattttccggcttgatcagagagagagagagattctcaagccgcatgtctttgttgactaaacggacccacttattgggccgtaagtatatattataaagcccaataaataaactgtcacgtggctattaacgacaaagtccagatctacgcgcgtatcgtgtgtagtcatgtaccggatcactccacgatttcgtcaatcagatcaaaacttctccaactctttcaatatctatctacgtgcatccacctctctcttcttcttcttgtgaccactcttcctgtctgttcactggttaggagatctctatccctctctctctgatcctttttgtttctttctgatttattgtatcgctctctttgaaaaaccttaagagttgtctgattttggcgatttctgatttgttgttgttgttgtttgatcggatctcggcattttctaggaggtgaattttgatttttttggccgatcggatttgagtttttgaatctctgattgctgagaaa,tttgtatgatgatgccttgagtccaaaattaacgtgaaaagagaatacaattatagatataggatcggcaagtacatggtgtggaggttaaacaatatcattacatttttcacaaggtagtatgcaacaaatccaatgtacataaggggaaactactctgaagactgaagctatgagcatgtaagcatgagaaaagacgaaaagtataaacaaaagctagacataTTATGTATCAGAATGTGCTTCTTGTTCTAAAATCTGGCCATTTCCTCGCTTTAGTACACAGTTTCCAAGAGATTGAGAAGTCTGACAGAGCATGGAGAGACAGAACAAGCATAGTCctgtttcagggagaagaactagtcagagatcattggtttgcaatatttgacacaggcaagacgaagggtttcccaaatggccaacttttgttaaatgctaagaaatccgacatattggtatgtaatgctactcataaggtaacagctcactcttccacattaaaatgaaactttgtataagtttgagacaaaatgtgaatgctttataattccatgaaatgctacttataaggtaagagcacactcttccacattagaatgaactttgtataagtttgagacaaaatgtgaatgctttaaaattcaatgaaatactacactcttccacattaaaatgaaactctgtataaatttgagatgaaatgtgaatgctttacCTGCATAAGCAACGGTTACACCTGATATGAGTCGCCCAAGCGCTGATAAGAAGTAAAGGCAAATTACGACctaaaggaaaaagcaaaaaacaaacatattcagtatagagcacaattactgagttaacaattagcaatgcatttatatggtaactgggtaaagacactagggttctaagagaatctctgtggtgatatattgatgctaatgcattttgatacactcatgatccaagaatagtaacggtatcttgtacatagtaagttggtaacaaaggacacacttacCTTGACAAAAAGTCTCTTGTCATGTCCAGTTGCTGCAACCCTCAGAACACCCTCTGCTGCTCCAACGGTATTAGCTAAGCGTGCAACGATGTTACTTGCTGTGTCCTGTGATATTTGCCACTCTAGTGGATCCACTGGTACCctttagaaaagttataggattgtaaatcatgtggtatgataaagcaagggtcttgaagagttatacacacaatgagcagaagataatgatatcattgaacattctaggattatgactatgcattgatcacagagaacggaagatgatagtaatcaaataagatcgatgcatcattgattcacccagaaatacaatgagaactagtttcagttcatgccttcagagaatacatgaaatcaatttcataatcaagttaacataactgattgcacaaccacattacaaagtacaacccaattaaacaattatatcgagcaagtattcaaacttgtcacaaatcaaaggagccaacaaatttcgtatctactcggtcaccaaacagcaaatgactaaatcagagaccaaagaacaaaatccaataccgtaaccagagagatttaggcgaaaaatgtgagggaacttacGAGACATTGAGTTGGCGAAAAAGGAGACCGAGAATGGCGAGAGAGCATAAGAGAACAATGAAAACATCGGAGAAGAGAGAGAGAAGAGTCGCGTTACGATATGCACAATGGTAATACACAAGCGTCCCGCTAATCAGCAATCCCATCGCCTTCCCCATTTCTCCCATctctctccccacttcaaaaaaaacttgctttccctttcttcactttcagaaaatttccccgagaaaacaaaactgatcacttttgtgaattttccggcttgatcagagagagagagagattctcaagccgcatgtctttgttgactaaacggacccacttattgggccgtaagtatatattataaagcccaataaataaactgtcacgtggctattaacga,5' UTR split by Intron 
AT1G11910,13.63005283,0.633259017,APA1,295,290,320,486,347.75,Chr1: 4016726 - 4021043,5 (174) ,https://www.arabidopsis.org/servlets/TairObject?id=26966&type=locus,CATGAGAAGGGAGAAGAAGATAATGTAAGAGTGAAGTGGAGACATtgttcaaaaattaggagtttagatttgattattgggtagtttttagttatgagattataatttggtggtgtgaagtgttgagtaagcttggaatgtcttgttaaagagtttaagaatcaatcttgtcatgtgcttgttaatattgcttattttaggtttcggtttgtttttaaaatttcacctttctttttagtataaagtattccaagaggactcgtggttttgtttcagattatttgaaatatttacatacaatatgtcaacaaacgtactattcttttttctgatattttacaacaaaatttgttctttaacatgttatctaaaaaccatttaacaaaaaaaataaaatgtatgagaaccttataaaatacaaaatagtaatttcagtatataatagttttgaattttcttttatttagaatttcgtttaaagggttgtgatttgtgaagtaatctttggaagataatctcaatgtaaacaacacattgggcttctcataggcccaatataaacaacacattgatcattatccatgtaaggtgaactctttaatcgaaaccgttcaatttcagtcatctcaatccaacggttagtattccaaggagcacgtaatccactctaaattcgtaaacacgtgatttctcactaaatataaaacttgatacgttacgccttcctatccatccgtcaacgattaaatccaatcgttcaatatagagatccaacggctaataacgaaacattagcccacacgaaatctcctttttttttttgacgggattatacagtgggcctccacctgtaattgtccatttaggagacagcgcggttaatttagcattatccctcctcacagtcatctctttcttcgcaaataaatgtaaccatctctcttctcgttttcttcaacaaaaatcctcatttctctgagaatctggtgctttagctttggtgagctctctttcttatgaaacttatcgattctcttctcgttgattgtcttatacttttagttctctgcttaatttattgtccttaatactcgtggatttgttcataaatcgttttctgagcagttaggtaagagttttgttaccgaatttcatgttcttcgattttgaatctggatgattgtatgatgtgattagtagactcgcttagattttgtgatctgtgtatggtttgtggctaattttggtttcatcggtggtatgaatttatttggggttttaggtttgtttgattacgtaatcggactgtttacttgaagatttatcgattatagttgtgatcgtttttagttgattgagaagaagaaaataaatttcatgctcttgttattgtcgcgattgtggcgattttcagtgtcttatgaatcaattatgttgcatgtgagtcttggtgcaattgagattgtttcctttttttactagattgcttgtcttattgaacaaaactttccatttatgttgaaaaggtttataggaacggatgtttagggttttgttgtaatctgggtatttgctttctgatttcggcaagcaaatgtcgatttcaaggtttatatcactttctctagcaaaagaagtctttagtcatttgcaaagtcaagagagtttttactttatttattgcttccacgctattgcttcgtggctgattgagagagaccaattaaactaataatttgtagtttgtacaatatattgcgtgtaacattgtccttcgttatctgtttgaggaggaggaccgagttagcctatttttagtcactttacaaattttcttttatgttgcatcattcaatatgaactctctgatataaatatatgtatacatactggttgacttttatgggtatggttctctgctttttttctctgtgatggtctcttgattctaactttctttgttttatgtttttggtttttgttgtcaatgaataggtaaa,CCGGAGCATTGGCTCTCACTTTCCTCAAGTACCAATATACTCCACCGGCAACGCCAATCGCTCCTGCCGCTGAAACTGCCGTCACTGTTCctgttagcgacaaattttccggttcaaatcaggtcacaacttacaagtatatataaagtcatatagtaataagatgaccacaaacttcatgttgtagttatagtaaacttgcttatttacCTGCGATAGCTCCTACGCGTTTATGGTTTACGAGGCTTGGATctgcagaatgtatcaaaatgattgaaaatacgtattagtactatctaatagtccctaccaaaaaaaaaactatctaatagtagttaaatagttctcaatagaaattgtagttaggacgaaaagatatgaacatagacattttgacCTTTGCAATAAGTAGTGACATTGCCTTGTTTACAAAGGCACAAAAAATCTCGTGTCCTCGTATTAAACCCACAAACTCCACCACCTTTAGTCGTTTCTTGGCAAAGAAGGCACTTCATTGTCACTGGAAATTCGTAATCAACCCTTATCCCGTACTCTGGAAACTGATCATACGGTGCATTCTCCACACCTGTACTCCTCCAATACACACTTGTATACGTCGCACAGTCCTGCAGCATGAGCCTAAGAGATTGAGTCGCTTTAGGGTAATACGAACAACAAGAAACCCTAGATCCCAAAGCAGAGCCACATTCAGGCAAATGTCTGCATAGATAGCTAGAACTATCGCAGGACGAGTCACATCTATCTGGAAACCTTTCGCAGAAGAGCGGTTTTGGTTCGACGATAACTTTATCGGTGTTGCAGTTGAAGAACAAGTAGTCGTTTTGAGGAGAGACAGTGAAGTGTGTACTTGAATCGATGCTAAAAGATCTAGTGGGTCGAAAATTGTCTCGATCTTGACAGTTCCACATGAATGGATCGGAGACAAGAAGGTGAGGATCAGAGTAGCTTATAGATTTAACAGGGTATTTACCAGATGGTGTTCTAAGTTCGAGCTTGGTATCGTTGTCGGAGCAAATGAGCATGTGTCTGTAATAAGGGCTACCACAACCGTCGTCGATGGAAAAAGGGTAATTTATCGGAATGTTGCCGCAAGAAGATCTGCAGAGATTTGATTGGGATGATGTTGTTGATGATTGAAGAAGGATGGTCATGAGAAGGGAGAAGAAGATAATGTAAGAGTGAAGTGGAGACATtgttcaaaaattaggagtttagatttgattattgggtagtttttagttatgagattataatttggtggtgtgaagtgttgagtaagcttggaatgtcttgttaaagagtttaagaatcaatcttgtcatgtgcttgttaatattgcttattttaggtttcggtttgtttttaaaatttcacctttctttttagtataaagtattccaagaggactcgtggttttgtttcagattatttgaaatatttacatacaatatgtcaacaaacgtactattcttttttctgatattttacaacaaaatttgttctttaacatgttatctaaaaaccatttaacaaaaaaaataaaatgtatgagaaccttataaaatacaaaatagtaatttcagtatataatagttttgaattttcttttatttagaatttcgtttaaagggttgtgatttgtgaagtaatctttggaagataatctcaatgtaaacaacacattgggcttctcataggcccaatataaacaacacattgatcattatccatgtaaggtgaactctttaatcgaaaccgttcaatttcagtcatctcaatccaacggttagtattccaaggagcacgtaatccactctaaattcgtaaacacgtgatttctcactaaatataaaacttgatacgttacgccttcctatccatccgtcaacgattaaatccaatcgttcaatatagagatccaacggctaataacgaaacattagcccacacgaaatctcctttttttttttgacgggatt,5' UTR split by Intron 
AT1G75950,12.84884893,0.496016014,SKP1A,253,385,319,423,345,"Chr1: 	28516519 - 28517896",196,https://www.arabidopsis.org/servlets/TairObject?id=137570&type=locus,gaagtgataaaaatataatattatataaaaatgttataatgctttttttgtatgacacatgtccattttaaattacaaaaaaccatgtaaataaagaataaaatacgttataactaaaaaaactgaatgcatttcaaaaaagttaccatataatcatataagtaagcatataaatcatacaccttatcttgatgtatatgattagttataactagaaaagaaaacaaaacaaagttgaatattatatctaagaatatatattacccattaagaaataaatgaaagagagaataaaatccacagcattatataaatattgtagccctgggagttcggatatatcggtttaatcggttcggtttatttagtttttcggggtttttggattttttaatttctagccgaattgaaccgaacaaaaattcggttcgggtcggttcggacatcggttttttcggttcggttattgggtataaattaaattccggattaaaccgattttttttctaattcggttaatttgaaccaaataaaccacaaattaaaaaaatggacttacaaaaatgaaatctaataaaaaacaaacaacaggcccaatacacaaatatacagttacaattacaaatccacaacacaattatgggtcaggtccattacaaaattagggttttgagttttgacaaaaaaaatatgtacgaCTACAACTCCAAACTGCGACGTCGAGCAGTGCCTCTCCAATCTAGTGATCTACCATTCCGACGACGTAATGCCCTACGAGACctgttaaacgcccgtttgttatccatgaagtaagaaaaaacatgagatggaagtgtaaaccataaaagatccataaaaataatggataatctcagatttggaagtgtaaagcctaactctaaaatttcagaaattatagagacagaggaagagcttagagagcaaagaatcaaacaaaacaaatgattaaagagaaataagaagagtttacCCTAAGAAAGTTGAGGTTGTGGGTTGAATCTCTGAGCAAAGGTTTTTTGTAAGACCAACTGAGATTAGAGAGAATGAAAGAGGCTTGGAAGATGATGAATTCATgaaggagaagagacgagttgatgattactaattcaatcgaagaaaaatatcaaagtttctttgttgttttcgcaagaggcagagagccaaaaacgaagaagaaacctaattaggttaagactcatcaattaaccttatatatggctgcagattctcggtatgggtgaaaccgattggttccgattaccgaaccgacccgaaccgacttccgaattcttaaattaatttggccgatcggttcgatctccttaattcggttgctgccgaaaaccaaaattttcgtttttttcggttcggttttctcgggttgaaccgttatcccaggcctaaaatattgtatgactcttgaccaaaaactagttagatatattatttattatgacatattaatattaacttaatataaaataaaaataaatgttcaaaaaacatgatcttaaagctgacaaagctgatttgattgactaatacttatcctacggtgatttttggttcttttactttttttgacaattatggagctggatggaaaaaaaatatatataaaatcatatattattaataatgagataaatacaacgaattaaacggatcaaagttaatatttccaaaagaaaaatagaacagagtcctaatttcattaatttcaactattgaaaacaaaatttaaaatcaataggattgatttctatttttcttttagaaaaacaaaatttgaaacaatttcctaatttccctaaacttgcgactttttaacaatcgaccgacttatcaaaattagggattgttttatatataaagagagacgcatctctttatttcattcatcgcttctccaaaattttcttcaaagaacaaatctcccaaatctaaaatctttctcttctctcttcgtttccataacc,gaaaataatcaaatgtataaatggacctgatagtgccattgatatttgggttctgacttcagatatgggccttggacctttctgataagactcagtatctttaagaagatacttgaatttggtaggtgagaatcatcatcctatcctccatccacggttttgtagagggtaatataattttttctatggacagtaagaagtgataaaaatataatattatataaaaatgttataatgctttttttgtatgacacatgtccattttaaattacaaaaaaccatgtaaataaagaataaaatacgttataactaaaaaaactgaatgcatttcaaaaaagttaccatataatcatataagtaagcatataaatcatacaccttatcttgatgtatatgattagttataactagaaaagaaaacaaaacaaagttgaatattatatctaagaatatatattacccattaagaaataaatgaaagagagaataaaatccacagcattatataaatattgtagccctgggagttcggatatatcggtttaatcggttcggtttatttagtttttcggggtttttggattttttaatttctagccgaattgaaccgaacaaaaattcggttcgggtcggttcggacatcggttttttcggttcggttattgggtataaattaaattccggattaaaccgattttttttctaattcggttaatttgaaccaaataaaccacaaattaaaaaaatggacttacaaaaatgaaatctaataaaaaacaaacaacaggcccaatacacaaatatacagttacaattacaaatccacaacacaattatgggtcaggtccattacaaaattagggttttgagttttgacaaaaaaaatatgtacgaCTACAACTCCAAACTGCGACGTCGAGCAGTGCCTCTCCAATCTAGTGATCTACCATTCCGACGACGTAATGCCCTACGAGACctgttaaacgcccgtttgttatccatgaagtaagaaaaaacatgagatggaagtgtaaaccataaaagatccataaaaataatggataatctcagatttggaagtgtaaagcctaactctaaaatttcagaaattatagagacagaggaagagcttagagagcaaagaatcaaacaaaacaaatgattaaagagaaataagaagagtttacCCTAAGAAAGTTGAGGTTGTGGGTTGAATCTCTGAGCAAAGGTTTTTTGTAAGACCAACTGAGATTAGAGAGAATGAAAGAGGCTTGGAAGATGATGAATTCATgaaggagaagagacgagttgatgattactaattcaatcgaagaaaaatatcaaagtttctttgttgttttcgcaagaggcagagagccaaaaacgaagaagaaacctaattaggttaagactcatcaattaaccttatatatggctgcagattctcggtatgggtgaaaccgattggttccgattaccgaaccgacccgaaccgacttccgaattcttaaattaatttggccgatcggttcgatctccttaattcggttgctgccgaaaaccaaaattttcgtttttttcggttcggttttctcgggttgaaccgttatcccaggcctaaaatattgtatgactcttgaccaaaaactagttagatatattatttattatgacatattaatattaacttaatataaaataaaaataaatgttcaaaaaacatgatcttaaagctgacaaagctgatttgattgactaatacttatcctacggtgatttttggttcttttactttttttgacaattatggagctggatggaaaaaaaatatatataaaatcatatattattaataatgagataaatacaacgaattaaacggatcaaagttaatatttccaaaagaaaaatagaacagagtcctaatttcattaatttcaactattgaaaacaaaatttaaaatcaataggattgatttctatttttcttttagaaaaac, 
AT4G13930,13.05807639,0.613384642,SHM4,115,323,496,391,331.25,Chr4: 8047692 - 8050157,136,https://www.arabidopsis.org/servlets/TairObject?id=128632&type=locus,ttctaatatttaatatttttgtattcatattttacgtagatcgtttaattttctacatgtcgaataaataaataaacactattaaattgactttaacgttcaaacttaaaagtttacttttaccagccttttttctttactgagtaaatattacctgaaaaagacatttttctaacttcagtattctgtgtgtttacgaagaaaatgaagatcttcgtcacatcacatgttgacctcagatctgccaataccactaggcactacgttactatttaatgaccacataatcaaatcttaaattgaaaagacgattttgaccctcaccgactcacatgcatacaaaaccacctactctcctctccaaaccccatgatcatgccattctctagcaaatattaaatacttaatattctttgatcaaccgagggcacgatgcaataataataaataaatttgttaaccataacaactcctcaatcgtgtagttagttaattagtatgtccacgaaaaaaggtttcaaagggaggctaccaactatttcttgtttataaaaatgtgtgtttaatggctcttttcatatgctaaattataaaatttgtgacagagaatatctaagactttagtggaataacaaacttattttttctcattagaaactgagagtatcgaaaaataacaatttgtacacatttcatttggcattttcaacataagcaaaatgggcgaaagagttggatatgttctctaactataatgtgatgttaatttggatatggtatcgattaagtgatctagtcaggatgctaagcaaagaccaccaatttcttataatgttgggataatgaatagtgaggcaaagtgatgctgtagttacacatatgatgagttgtcactgaaattataacataaacataaacaaggatatagtcttatagagggtacggttacacatatgatgagttgtcattgaaaattataacgtaaacataaacaaggatatagtcatatagagggtacggtgacttcgtgattcttagtgatgattgatgaatatgaactaagattcatccgcaagtaactttaaaatcagattactatgaaaatacaattttaattttgcgttatccgttttcaagtgtttcgtttaagaccgtataaagttttatttagcttggagatatgtgagagactatttttatccgcaaaattcatatgtttaaattcatcgtgaatacttcctttgtgaaaaagctttaaaaaatacattattaacatttaaggggttaatcacataatattgaagcggataaattgttgaaatcttcacaacatagatgaaaattttgtggtcgacaatgttgacgttggtttaattacctttgcattgttaacacataatacatcttatttacaccagatgtacgaccatttgagttttgaaaggttaaactatgaaaaactatagagtttcttattaaaatgtaattactcctatctaaaacactgggctgaatcaagatcatgggccctcaaagccctttttccaattttaattcctccgatttatagggatttatacagttttttttttttttttggaatcaatagattatatttttgtttgtaattactttttattttctaccaacaaattcaatttctgatgtcaaaaaaataaaaataatccgagagagagatttacccaacacaaccttaaatgcaattgggccttaagtatccatctaatcataattaattaagggaaacaaatattggtaagagggtaaaatagtcaaaacacactaagcttgttctcctaccacacacacctaaccaactaacaccaaaattagcaaaggaggacaaatccgtaatttaccccattttctactcctcttttaaacccaaccgcctctcttcccacttctcactctctgatctcagatctctccctccctctttctccgatctcagatccattcaacaatctacaaagaag,aggtaggtgggtttccaattatacaggtctaaaaatcgaggttggtgaagcttactttacaacaaaagtcctcctctattattctaccacatggaaaaaattcaccaaaacgtgatttacacatactctcactttattctaatatttaatatttttgtattcatattttacgtagatcgtttaattttctacatgtcgaataaataaataaacactattaaattgactttaacgttcaaacttaaaagtttacttttaccagccttttttctttactgagtaaatattacctgaaaaagacatttttctaacttcagtattctgtgtgtttacgaagaaaatgaagatcttcgtcacatcacatgttgacctcagatctgccaataccactaggcactacgttactatttaatgaccacataatcaaatcttaaattgaaaagacgattttgaccctcaccgactcacatgcatacaaaaccacctactctcctctccaaaccccatgatcatgccattctctagcaaatattaaatacttaatattctttgatcaaccgagggcacgatgcaataataataaataaatttgttaaccataacaactcctcaatcgtgtagttagttaattagtatgtccacgaaaaaaggtttcaaagggaggctaccaactatttcttgtttataaaaatgtgtgtttaatggctcttttcatatgctaaattataaaatttgtgacagagaatatctaagactttagtggaataacaaacttattttttctcattagaaactgagagtatcgaaaaataacaatttgtacacatttcatttggcattttcaacataagcaaaatgggcgaaagagttggatatgttctctaactataatgtgatgttaatttggatatggtatcgattaagtgatctagtcaggatgctaagcaaagaccaccaatttcttataatgttgggataatgaatagtgaggcaaagtgatgctgtagttacacatatgatgagttgtcactgaaattataacataaacataaacaaggatatagtcttatagagggtacggttacacatatgatgagttgtcattgaaaattataacgtaaacataaacaaggatatagtcatatagagggtacggtgacttcgtgattcttagtgatgattgatgaatatgaactaagattcatccgcaagtaactttaaaatcagattactatgaaaatacaattttaattttgcgttatccgttttcaagtgtttcgtttaagaccgtataaagttttatttagcttggagatatgtgagagactatttttatccgcaaaattcatatgtttaaattcatcgtgaatacttcctttgtgaaaaagctttaaaaaatacattattaacatttaaggggttaatcacataatattgaagcggataaattgttgaaatcttcacaacatagatgaaaattttgtggtcgacaatgttgacgttggtttaattacctttgcattgttaacacataatacatcttatttacaccagatgtacgaccatttgagttttgaaaggttaaactatgaaaaactatagagtttcttattaaaatgtaattactcctatctaaaacactgggctgaatcaagatcatgggccctcaaagccctttttccaattttaattcctccgatttatagggatttatacagttttttttttttttttggaatcaatagattatatttttgtttgtaattactttttattttctaccaacaaattcaatttctgatgtcaaaaaaataaaaataatccgagagagagatttacccaacacaaccttaaatgcaattgggccttaagtatccatctaatcataattaattaagggaaacaaatattggtaagagggtaaaatagtcaaaacacactaagcttgttctcctaccacacacacctaaccaactaacaccaaaattagcaaaggagga,Expresseed mainly in roots according to TAIR 
AT5G59880,12.47317157,0.473712603,ADF3,273,312,287,424,324,Chr5: 24120164 - 24121949,218,https://www.arabidopsis.org/servlets/TairObject?id=133805&type=locus,cgggttagcgggacgggtttggcaggttgttacttaataacaattctaaactataaaataaaaatattttataaatagttacatagatagttacaaattgtaaacttttatatatactacctttaaaatataaattgtctccgcggtataccgcgggtaaaaatctagtaacgcctattatggtttgaaatatgattcatcacatattatatatatttttatttgtttgtagttttgtatgttttggggttttggctatgtttttctataaaaatcaacacaatactaagttgagtaaaataaattattgaaccagtcagcgatacaaaaatatctaataaggaagaccaaataatcagcatgaaaggtcgacaattaatgaagaaagtcattttgtagaaatgcaagccttttgataccagcatagcatacgggcttctaaattctaatgctcacataatgtcatttattgtttaagaaatatctaatatcgctcgaaatatgagatttgttgttgtcgaaaaaacataatccaaagagttatcaagaatctaaaatcttgtgttatcaataatctataatctcgaaggaagtatgctttggttcaatcaagtaacacacgtcaatcttaatcctattgaaacaatggtatagaaatatgcaaatacgatcatatcaactaagatataccgaaaccaaatatattgggatctttcaaaaggacacgatcgggaactctaactactgtttgagactttcctaaagttatatcgataactaacggtcaaatacctgcaaattttggatatatataaagatatataccgagtttgtgtataaacatgttgtttctcctaatcatacgttattggaaacattaacGCGGTTTGCTTTATGCAACTTTGAAACATTTGCTAATTTGTTGATATAAAATTTGGCTATTTATACTGTTTAGTTTAGTAAGGAATTAACACAAATGTTTTAGCGCATTATTGCACATTTGTGTGAAATAATATACTATTTTCGGGAAAATCATAATCGAAATAGAATTCCAAAATTTCCACGTGGCATATTATGAAAGGAATATTCCAGCTCGGGTAAGCTGGCCTCCATCACCGGTTAtgatgaaaggtgagccgaaagtggagccaacctgagatgccccgcatgagagccatatgcttcttcgacctttcattctatattctttccttttaaagatagcaactattgatcaaaaaaaagaagaaaaaagataggaactatagaactatagtctttttttttcaacgaagaacaaatatatggttatgaactattcttaatggatggtcaaacagattttttgatttttttctaagaaattttgcatgtgaatacataactacagttaattccattcaactgttacttttctttgggtgaaacaataggttggcaacttggcatagatatcaacatcagagttttgaacaaatctatcatcatttaagaaatgatagaaaatcaagtattgtttttcaaatcaagaaatatcaaagaagaattctgtattaagtttagttctcatggaagccatagaatatatcagaagtttgaaacaaacagcaaatatatggaataaaaaacatagttattggaataaatagaatagttatttttttttgtttggcataaaataaagaaaattatttgttcaacaaattgttacagatttcacttatgtatattttgaactaattcttatttttatattaattaaatcaagattttacttttgaaaaataattaatgaatttatgaaacaatctctatgtaaataaaataaagcaaattaaaacgctcacacatgtttacttattcggactagagagcttccgcataaagctgaggaaaaaaaagagagaagacgcacaccgaagaaaacacacaagactccattattctcctgcttcttcgtctcttcaattattttctctgagactagctttgattcaacc,tttaatatcatttaattactacaaaattatcattattgatattgtttttctgcatgactattacaattcaattataatcatcaaaccgcagagatatttgatagcatttaattactacaaaattacaaaatatttagacaatgattcataaacatatgataaataagatcaacattaataaaataaatgaattttttttacgggacgggttagcgggacgggttagcgggacgggtttggcaggttgttacttaataacaattctaaactataaaataaaaatattttataaatagttacatagatagttacaaattgtaaacttttatatatactacctttaaaatataaattgtctccgcggtataccgcgggtaaaaatctagtaacgcctattatggtttgaaatatgattcatcacatattatatatatttttatttgtttgtagttttgtatgttttggggttttggctatgtttttctataaaaatcaacacaatactaagttgagtaaaataaattattgaaccagtcagcgatacaaaaatatctaataaggaagaccaaataatcagcatgaaaggtcgacaattaatgaagaaagtcattttgtagaaatgcaagccttttgataccagcatagcatacgggcttctaaattctaatgctcacataatgtcatttattgtttaagaaatatctaatatcgctcgaaatatgagatttgttgttgtcgaaaaaacataatccaaagagttatcaagaatctaaaatcttgtgttatcaataatctataatctcgaaggaagtatgctttggttcaatcaagtaacacacgtcaatcttaatcctattgaaacaatggtatagaaatatgcaaatacgatcatatcaactaagatataccgaaaccaaatatattgggatctttcaaaaggacacgatcgggaactctaactactgtttgagactttcctaaagttatatcgataactaacggtcaaatacctgcaaattttggatatatataaagatatataccgagtttgtgtataaacatgttgtttctcctaatcatacgttattggaaacattaacGCGGTTTGCTTTATGCAACTTTGAAACATTTGCTAATTTGTTGATATAAAATTTGGCTATTTATACTGTTTAGTTTAGTAAGGAATTAACACAAATGTTTTAGCGCATTATTGCACATTTGTGTGAAATAATATACTATTTTCGGGAAAATCATAATCGAAATAGAATTCCAAAATTTCCACGTGGCATATTATGAAAGGAATATTCCAGCTCGGGTAAGCTGGCCTCCATCACCGGTTAtgatgaaaggtgagccgaaagtggagccaacctgagatgccccgcatgagagccatatgcttcttcgacctttcattctatattctttccttttaaagatagcaactattgatcaaaaaaaagaagaaaaaagataggaactatagaactatagtctttttttttcaacgaagaacaaatatatggttatgaactattcttaatggatggtcaaacagattttttgatttttttctaagaaattttgcatgtgaatacataactacagttaattccattcaactgttacttttctttgggtgaaacaataggttggcaacttggcatagatatcaacatcagagttttgaacaaatctatcatcatttaagaaatgatagaaaatcaagtattgtttttcaaatcaagaaatatcaaagaagaattctgtattaagtttagttctcatggaagccatagaatatatcagaagtttgaaacaaacagcaaatatatggaataaaaaacatagttattggaataaatagaatagttatttttttttgtttggcataaaataaagaaaattatttgttcaacaaattgttacagatttcacttatgtatattttgaactaattcttatttttatattaattaaatcaagattttacttttgaa, 